Accession,Collection Date,Geo Location
MT438746, 2020-04-22, USA
MT263453, 2020-03-24, USA
MT481904, 2020-04-25, India
MT451115, 2020-03-20, Australia
MT252800, 2020-03-10, USA
MT533208, 2020-04-16, USA
MT451218, 2020-03-24, Australia
MT439315, 2020-03-27, USA
MT325601, 2020-03-07, USA
MT039874, 2020-01-22, China
MT534315, 2020-04-14, USA
MT536964, 2020-04-13, USA
MT536183, 2020-04-07, USA
MT438734, 2020-04-22, USA
MT533225, 2020-04-30, USA
MT482117, 2020-04, USA
MT325573, 2020-03, USA
MT072688, 2020-01-13, Nepal
MT358727, 2020-03-30, USA
MT434793, 2020-03-09, USA
MT118835, 2020-02-23, USA
MT326169, 2020-03-22, USA
MT534317, 2020-04-12, USA
MT412285, 2020-04-07, USA
MT385462, 2020-03-23, USA
MT536182, 2020-04-06, USA
MT434814, 2020-03-09, USA
MT326076, 2020-03-24, USA
MT375430, 2020-03-31, USA
MT270107, 2020-02-03, Germany
MT449673, 2020-04-23, USA
MT344960, 2020-03-09, USA
MT451354, 2020-03-23, Australia
MT126808, 2020-02-28, Brazil
MT482110, 2020-04, USA
MT506664, 2020-03-21, USA
MT370877, 2020-03-17, USA
MT106053, 2020-02-10, USA
MT474134, 2020-03-31, USA
MT439252, 2020-03-18, USA
MT358707, 2020-03-31, USA
MT246490, 2020-03-15, USA
MT451219, 2020-03-17, Australia
MT263411, 2020-03-14, USA
MT534335, 2020-05-12, USA
MT293186, 2020-03-17, USA
MT325586, 2020-03-07, USA
MT470169, 2020-03, France
MT451066, 2020-03-18, Australia
MT322403, 2020-03, USA
MT412292, 2020-04-01, USA
MT470137, 2020-03, France
MT412249, 2020-03-12, USA
MT451212, 2020-03-24, Australia
MT439256, 2020-03-19, USA
MT512436, 2020-03-10, USA
MT459847, 2020-04-04, Greece
MT434813, 2020-03-02, USA
MT470134, 2020-03, France
MT451231, 2020-03-20, Australia
MT263468, 2020-03-17, USA
MT459897, 2020-03-05, Greece
MT528619, 2020-04, USA
MT451274, 2020-03-23, Australia
MT451356, 2020-03-23, Australia
MT438727, 2020-04-22, USA
MT371027, 2020-03-20, USA
MT370874, 2020-03-15, USA
MT358690, 2020-03-26, USA
MT262905, 2020-03-13, USA
MT447171, 2020-03-16, Thailand
MT358651, 2020-03-30, USA
MT451198, 2020-03-23, Australia
MT293187, 2020-03-17, USA
MT534307, 2020-05-12, USA
MT450971, 2020-03-12, Australia
MT370991, 2020-03-21, USA
MT344947, 2020-03, USA
MT451888, 2020-04-26, India
MT412302, 2020-03-30, USA
MT415323, 2020-03-20, India
MT370904, 2020-02-29, USA
MT326185, 2020-03-17, USA
MT499172, 2020-03-30, USA
MT459860, 2020-03-16, Greece
MT350245, 2020-03, USA
MT345826, 2020-03-25, USA
MT460135, 2020-04-30, USA
MT263430, 2020-03-24, USA
MT449651, 2020-04-08, USA
MT451242, 2020-03-20, Australia
MT438723, 2020-04-22, USA
MT477853, 2020-03-24, USA
MT412263, 2020-04-05, USA
MT345854, 2020-03-25, USA
MT293219, 2020-03-18, USA
MT326132, 2020-03-20, USA
MT459878, 2020-03-14, Greece
MT293169, 2020-03-17, USA
MT451584, 2020-04-04, Australia
MT350238, 2020-03, USA
MT039890, 2020-01, South Korea
MT496973, 2020-04-29, India
MT451876, 2020-04-26, India
MT375482, 2020-04-02, USA
MT304488, 2020-03-01, USA
MT334561, 2020-03-26, USA
MT447173, 2020-03-18, Thailand
MT358696, 2020-03-26, USA
MT499206, 2020-04-03, USA
MT451167, 2020-03-22, Australia
MT457400, 2020-05-06, Netherlands
MT446350, 2020-04-06, USA
MT451056, 2020-03-17, Australia
MT499186, 2020-03-25, USA
MT528624, 2020-04, USA
MT534304, 2020-04-10, USA
MT263445, 2020-03-24, USA
MT459905, 2020-03-23, Greece
MT459876, 2020-03-14, Greece
MT380728, 2020-03-29, USA
MT460139, 2020-04-30, USA
MT461620, 2020-03-31, USA
MT460125, 2020-04-30, USA
MT511081, 2020-04-07, Poland
MT412269, 2020-04-08, USA
MN996531, 2019-12-30, China
MT412293, 2020-04-01, USA
MT449664, 2020-04-21, USA
MT370919, 2020-03-14, USA
MT370915, 2020-03-13, USA
MT252749, 2020-03-11, USA
MT370835, 2020-03-18, USA
MT451042, 2020-03-23, Australia
MT415321, 2020-03-11, India
MT528628, 2020-04, USA
MT438732, 2020-04-22, USA
MT325595, 2020-03-06, USA
MT263438, 2020-03, USA
MT259231, 2020-01-25, China
MT528622, 2020-04, USA
MT451278, 2020-03-24, Australia
MT511070, 2020-03-31, Poland
MT370953, 2020-03-19, USA
MT451002, 2020-03-15, Australia
MT496995, 2020-04-29, India
MT412229, 2020-04-01, USA
MT496986, 2020-05-05, India
MT451114, 2020-03-20, Australia
MT258382, 2020-03-18, USA
MT499207, 2020-03-19, USA
MT429188, 2020-04-07, USA
MT449639, 2020-04-04, USA
MT370971, 2020-03-20, USA
MT412279, 2020-04-05, USA
MT439270, 2020-03-23, USA
MT079852, 2020-01-22, China
MT451783, 2020-04-10, Australia
MT467250, 2020-04-29, India
MT459901, 2020-03-09, Greece
MT506568, 2020-04-02, USA
MT450915, 2020-04, USA
MT461610, 2020-03-29, USA
MT470154, 2020-03, France
MT412241, 2020-03-12, USA
MT375465, 2020-04-07, USA
MT429185, 2020-04-08, USA
MT415908, 2020-04, USA
MT512431, 2020-03-09, USA
MT385475, 2020-04-03, USA
MT461609, 2020-03-29, USA
MT509651, 2020-05-03, India
MT350247, 2020-03, USA
MT263429, 2020-03-13, USA
MT482116, 2020-04, USA
MT451203, 2020-03-23, Australia
MT252703, 2020-03-13, USA
MT506652, 2020-03-17, USA
MT451412, 2020-03-25, Australia
MT345815, 2020-03-24, USA
MT344954, 2020-03-05, USA
MT359865, 2020-03-15, Spain
MT318827, 2020-03-19,NULL
MT483559, 2020-05-05, India
MT451094, 2020-03-19, Australia
MT451000, 2020-03-15, Australia
MT370977, 2020-03-21, USA
MT262896, 2020-03-13, USA
NC_045512, 2019-12, China
MT450942, 2020-03-10, Australia
MT451609, 2020-04-05, Australia
MT450873, 2020-04, USA
MT459898, 2020-03-07, Greece
MT450950, 2020-03-10, Australia
MT345819, 2020-03-25, USA
MT499201, 2020-03-20, USA
MT044257, 2020-01-28, USA
MT375459, 2020-04-05, USA
MT509459, 2020-03-14, USA
MT451122, 2020-03-20, Australia
MT451144, 2020-03-21, Australia
MT451582, 2020-04-03, Australia
MT511078, 2020-04-02, Poland
MT375437, 2020-03-31, USA
MT375460, 2020-04-06, USA
MT114418, 2020-01-27, Hong Kong
MT370833, 2020-03-18, USA
MT482146, 2020-04, USA
MT326067, 2020-03-24, USA
MT345838, 2020-03-23, USA
MT326106, 2020-03-22, USA
MT322402, 2020-03, USA
MT451439, 2020-03-28, Australia
MT509458, 2020-03-24, USA
MT292569, 2020-03-09, Spain
MT451375, 2020-03-25, Australia
MT474130, 2020-03-31, USA
MT374106, 2020-03-13, Taiwan
MT325622, 2020-03-04, USA
MT326070, 2020-03-24, USA
MT451762, 2020-04-08, Australia
MT451779, 2020-04-09, Australia
MT370946, 2020-03-20, USA
MT412326, 2020-04-02, USA
MT459844, 2020-03-23, Greece
MT345858, 2020-03-23, USA
MT326053, 2020-03-23, USA
MT506901, 2020-04-17, USA
MT358657, 2020-03-31, USA
MT451355, 2020-03-24, Australia
MT451668, 2020-03-30, Australia
MT470136, 2020-03, France
MT412305, 2020-03-29, USA
MT509453, 2020-03-14, USA
MT451007, 2020-03-16, Australia
MT506897, 2020-04-15, USA
MT326134, 2020-03-20, USA
MT325626, 2020-03-05, USA
MT439291, 2020-03-25, USA
MT483702, 2020-05-05, India
MT451256, 2020-03-22, Australia
MT459899, 2020-03-07, Greece
MT159711, 2020-02-20, USA
MT477841, 2020-03-18, USA
MT474135, 2020-03-31, USA
MT325636, 2020-03-06, USA
MT358708, 2020-03-27, USA
MT270110, 2020-02-07, Germany
MT370882, 2020-03-18, USA
MT534305, 2020-04-11, USA
MT535496, 2020-04-07, USA
MT429189, 2020-04-08, USA
MT263417, 2020-03-24, USA
MT246462, 2020-03-13, USA
MT451179, 2020-03-22, Australia
MT293162, 2020-03-16, USA
MT506658, 2020-03-19, USA
MT326089, 2020-03-21, USA
MT451022, 2020-03-18, Australia
MT499175, 2020-03-26, USA
MT394530, 2020-03-31, USA
MT339043, 2020-03, USA
MT293213, 2020-03-19, USA
MT295464, 2020-03-10, USA
MT499202, 2020-03-26, USA
MT446339, 2020-04-06, USA
MT451077, 2020-03-18, Australia
MT451086, 2020-03-19, Australia
MT418882, 2020-04, USA
MT533201, 2020-04-27, USA
MT263449, 2020-03-24, USA
MT325612, 2020-03-08, USA
MT184909, 2020-02-21, USA
MT365028, 2020-01-24, Hong Kong
MT450883, 2020-04, USA
MT370906, 2020-03-17, USA
MT345887, 2020-03-29, USA
MT371029, 2020-03-20, USA
MT345869, 2020-03-30, USA
MT481935, 2020-04-08, USA
MT246482, 2020-03-15, USA
MT450935, 2020-03-08, Australia
MT380731, 2020-03-20, USA
MT506687, 2020-03-24, USA
MT451017, 2020-03-18, Australia
MT451170, 2020-03-22, Australia
MT451060, 2020-03-17, Australia
MT482149, 2020-04, USA
MT259267, 2020-03-14, USA
MT509507, 2020-05-10, India
MT499182, 2020-03-27, USA
MT415903, 2020-03, USA
MT412332, 2020-04-03, USA
MT459836, 2020-03-14, Greece
MT439312, 2020-03-27, USA
MT326095, 2020-03-22, USA
MT385463, 2020-03-25, USA
MT451496, 2020-03-29, Australia
MT451210, 2020-03-24, Australia
MT371035, 2020-03-21, USA
MT328033, 2020-03-18, Greece
MT506203, 2020-03-14, USA
MT345883, 2020-03-31, USA
MT385429, 2020-03-28, USA
MT358740, 2020-03-28, USA
MT447161, 2020-02-03, Thailand
MT326130, 2020-03-20, USA
MT429183, 2020-03-26, USA
MT246449, 2020-03-13, USA
MT358658, 2020-03-31, USA
MT534327, 2020-05-12, USA
MT451264, 2020-03-22, Australia
MT252677, 2020-03-10, USA
MT345868, 2020-03-30, USA
MT507276, 2020-03-17, Jamaica
MT439268, 2020-03-22, USA
MT262899, 2020-03-13, USA
MT325611, 2020-03-08, USA
MT452576, 2020-03-13, USA
MT474133, 2020-04-05, USA
MT262915, 2020-03-13, USA
MT459868, 2020-03-19, Greece
MT535489, 2020-04-07, USA
MT528235, 2020-03-23, Italy
MT322394, 2020-03, USA
MT415898, 2020-03, USA
MT263434, 2020-03-24, USA
MT326181, 2020-03-14, USA
MT460133, 2020-04-30, USA
MT258377, 2020-03-18, USA
MT163718, 2020-02-29, USA
MT534312, 2020-04-14, USA
MT451181, 2020-03-22, Australia
MT262909, 2020-03-13, USA
MT506565, 2020-04-01, USA
MT345809, 2020-03-25, USA
MT450911, 2020-04, USA
MT324062, 2020-03-07, South Africa
MT451199, 2020-03-23, Australia
MT262901, 2020-03-13, USA
MT358747, 2020-03-31, USA
MT470174, 2020-03, France
MT459864, 2020-03-11, Greece
MT459845, 2020-03-22, Greece
MT293207, 2020-03-19, USA
MT371570, 2020-03-21, Czech Republic
MT536178, 2020-04-06, USA
MT246457, 2020-03-12, USA
MT439263, 2020-03-20, USA
MT444148, 2020-03-11, USA
MT460129, 2020-04-30, USA
MT371574, 2020-03-18, Czech Republic
MT246477, 2020-03-14, USA
MT450896, 2020-04, USA
MT450875, 2020-04, USA
MT326105, 2020-03-22, USA
MT345801, 2020-03-25, USA
MT358660, 2020-03-31, USA
MT372482, 2020-03-20, Malaysia
MT326052, 2020-03-23, USA
MT293167, 2020-03-17, USA
MT304486, 2020-03-02, USA
MT324684, 2020-03-25, USA
MT325569, 2020-03-04, USA
MT263465, 2020-03-16, USA
MT374109, 2020-03-17, Taiwan
MT481992, 2020-03-23, USA
MT246468, 2020-03-14, USA
MT345872, 2020-03-27, USA
MT451217, 2020-03-24, Australia
MT451123, 2020-03-20, Australia
MT251980, 2020-03-13, USA
MT499177, 2020-03-26, USA
MT439280, 2020-03-23, USA
MT512416, 2020-03-10, USA
MT370930, 2020-03-22, USA
MT326051, 2020-03-23, USA
MT451284, 2020-03-24, Australia
MT461632, 2020-04-02, USA
MT533233, 2020-03-27, USA
MT345870, 2020-03-30, USA
MT439297, 2020-03-24, USA
MT163719, 2020-03-01, USA
MT259226, 2020-01-10, China
MT477842, 2020-03-23, USA
MT325589, 2020-03-08, USA
MT325624, 2020-03-07, USA
MT506209, 2020-03-15, USA
MT460137, 2020-04-30, USA
MT370903, 2020-03-17, USA
MT533206, 2020-03-24, USA
MT450897, 2020-04, USA
MT114414, 2020-01-24, Hong Kong
MT322421, 2020-03, USA
MT535503, 2020-04-09, USA
MT470171, 2020-03, France
MT509498, 2020-05-09, India
MT358692, 2020-03-25, USA
MT407650, 2020-01-22, China
MT461613, 2020-04-01, USA
MT451204, 2020-03-23, Australia
MT375438, 2020-03-31, USA
MT412328, 2020-04-02, USA
MT511074, 2020-03-31, Poland
MT380734, 2020-03-23, USA
MT461603, 2020-03-29, USA
MT385433, 2020-04-08, USA
MT450983, 2020-03-13, Australia
MT450913, 2020-04, USA
MT350236, 2020-03, USA
MT438724, 2020-04-22, USA
MT419815, 2020-03-24, Puerto Rico
MT326135, 2020-03-20, USA
MT252689, 2020-03-10, USA
MT345842, 2020-03-24, USA
MT263387, 2020-03-16, USA
MT435079, 2020-04-13, India
MT506891, 2020-04-18, USA
MT451177, 2020-03-22, Australia
MT370858, 2020-03-18, USA
MN988668, 2020-01-02, China
MT467242, 2020-04-29, India
MT252695, 2020-03-10, USA
MT358736, 2020-03-29, USA
MT447172, 2020-03-18, Thailand
MT322418, 2020-03, USA
MT451410, 2020-03-25, Australia
MT459909, 2020-03-10, Greece
MT345811, 2020-03-24, USA
MT459879, 2020-03-14, Greece
MT470127, 2020-03, France
MT434789, 2020-03-09, USA
MT533234, 2020-03-28, USA
MT509468, 2020-03-21, USA
MT460127, 2020-04-30, USA
MT419834, 2020-03-05, USA
MT450898, 2020-04, USA
MT535500, 2020-04-07, USA
MT533200, 2020-04-27, USA
MT326151, 2020-03-21, USA
MT394531, 2020-03-31, USA
MT506694, 2020-03-30, USA
MT412296, 2020-04-01, USA
MT528625, 2020-04, USA
MT434812, 2020-03-19, USA
MT291829, 2019-12-30, China
MT451052, 2020-03-17, Australia
MT326091, 2020-03-16, USA
MT447155, 2020-01-08, Thailand
MT506566, 2020-04-02, USA
MT461639, 2020-04-05, USA
MT470147, 2020-03, France
MT412329, 2020-04-01, USA
MT450981, 2020-03-13, Australia
MT439258, 2020-03-16, USA
MT451776, 2020-04-09, Australia
MT534322, 2020-05-12, USA
MT159716, 2020-02-24, USA
MT358694, 2020-03-26, USA
MT184911, 2020-02-17, USA
MT510999, 2020-03-09, Netherlands
MT418880, 2020-04, USA
MT304477, 2020-03-02, USA
MT246485, 2020-03-15, USA
MT470148, 2020-03, France
MT326093, 2020-03-22, USA
MT439251, 2020-03-19, USA
MT325563, 2020-03-06, USA
MT536972, 2020-04-17, USA
MT358701, 2020-03-25, USA
MT451174, 2020-03-22, Australia
MT262903, 2020-03-13, USA
MT533202, 2020-04-27, USA
MT350250, 2020-03, USA
MT509958, 2020-05-11, Bangladesh
MT434803, 2020-03-17, USA
MT506670, 2020-03-21, USA
MT326120, 2020-03-21, USA
MT270112, 2020-01-30, Germany
MT451581, 2020-04-03, Australia
MT415897, 2020-03, USA
MT450993, 2020-03-14, Australia
MT506905, 2020-04-14, USA
MT438735, 2020-04-22, USA
MT246469, 2020-03-14, USA
MT412317, 2020-04-01, USA
MT511067, 2020-04-02, Poland
MT457395, 2020-04-29, Netherlands
MT358703, 2020-03-25, USA
MT533229, 2020-04-29, USA
MT344946, 2020-03, USA
MT374107, 2020-03-14, Taiwan
MT496981, 2020-05-03, India
MT450991, 2020-03-14, Australia
MT412309, 2020-03-28, USA
MT534330, 2020-05-12, USA
MT451646, 2020-03-26, Australia
MT481897, 2020-05-05, India
MT439273, 2020-03-24, USA
MT451130, 2020-03-21, Australia
MT293181, 2020-03-18, USA
MT345816, 2020-03-23, USA
MT532557, 2020-03-30, USA
MT481906, 2020-04-27, India
MT461607, 2020-03-29, USA
MT334538, 2020-03-13, USA
MT246474, 2020-03-14, USA
MT536187, 2020-04-06, USA
MT263404, 2020-03-24, USA
MT450918, 2020-04, USA
MT481930, 2020-04-02, USA
MT461611, 2020-03-29, USA
MT451151, 2020-03-21, Australia
MT326103, 2020-03-22, USA
MT451180, 2020-03-22, Australia
MT345829, 2020-03-25, USA
MT326125, 2020-03-20, USA
MT481903, 2020-05-03, India
MT358716, 2020-03-27, USA
MT450917, 2020-04, USA
MT325637, 2020-03-06, USA
MT385430, 2020-03-28, USA
MT325575, 2020-03-10, USA
MT451038, 2020-03-22, Australia
MT451045, 2020-03-16, Australia
MT451039, 2020-03-22, Australia
MT114413, 2020-01-24, Hong Kong
MT451730, 2020-04-05, Australia
MT450973, 2020-03-12, Australia
MT188339, 2020-03-09, USA
MT472622, 2020-03-04, USA
MT345874, 2020-03-30, USA
MT326150, 2020-03-21, USA
MT447154, 2020-02-01, Thailand
MT533230, 2020-04-29, USA
MT460132, 2020-04-30, USA
MT412240, 2020-03-12, USA
MT451117, 2020-03-20, Australia
MT252709, 2020-03-14, USA
MT528608, 2020-04, USA
MT450901, 2020-04, USA
MT496972, 2020-04-29, India
MT451047, 2020-03-16, Australia
MT451881, 2020-04-26, India
MT460136, 2020-04-30, USA
MT412289, 2020-04-07, USA
MT358728, 2020-03-31, USA
MT246476, 2020-03-13, USA
MT326123, 2020-03-20, USA
MT451088, 2020-03-19, Australia
MT159717, 2020-02-17, USA
MT345881, 2020-03-30, USA
MT412170, 2020-03-19, USA
MT533205, 2020-03-19, USA
MT385450, 2020-03-31, USA
MT326191, 2020-03-18, USA
MT506651, 2020-03-18, USA
MT412261, 2020-04-05, USA
MT252688, 2020-03-10, USA
MT434785, 2020-03-17, USA
MT385444, 2020-03-31, USA
MT263428, 2020-03-13, USA
MT451386, 2020-03-25, Australia
MT412250, 2020-03-12, USA
MT477854, 2020-03-24, USA
MT358688, 2020-03-26, USA
MT325604, 2020-03-06, USA
MT451019, 2020-03-18, Australia
MT439245, 2020-03-13, USA
MT451734, 2020-04-06, Australia
MT459852, 2020-03-11, Greece
MT533232, 2020-03-15, USA
MT252822, 2020-03-06, USA
MT534285, 2020-03-20, Czech Republic
MT434816, 2020-03-08, USA
MT304475, 2020-02-29, South Korea
MT461651, 2020-04-04, USA
MT326049, 2020-03-23, USA
MT509650, 2020-05-02, India
MT412333, 2020-04-03, USA
MT439287, 2020-03-24, USA
MT506887, 2020-04-15, USA
MN938384, 2020-01-10, China
MT499174, 2020-03-29, USA
MT450885, 2020-03, USA
MT451874, 2020-04-24, India
MT434791, 2020-03-17, USA
MT512445, 2020-03-10, USA
MT276329, 2020-02-28, USA
MT509703, 2020-03-30, USA
MT438731, 2020-04-22, USA
MT499205, 2020-03-20, USA
MT512645, 2020-05-05, USA
MT293172, 2020-03-17, USA
MT451607, 2020-04-05, Australia
MT536181, 2020-04-08, USA
MT385470, 2020-04-08, USA
MT252770, 2020-03-11, USA
MT184910, 2020-02-18, USA
MT507282, 2020-03-31, USA
MT385455, 2020-04-08, USA
MT252681, 2020-03-10, USA
MT517432, 2020-03-27, Czech Republic
MT326152, 2020-03-21, USA
MT358724, 2020-03-27, USA
MT428551, 2020-03-20, Kazakhstan
MT461663, 2020-04-02, USA
MT474129, 2020-03-25, USA
MT506573, 2020-04-03, USA
MT412327, 2020-04-01, USA
MT535497, 2020-04-07, USA
MT482142, 2020-04, USA
MT345798, 2020-03-24, USA
MT451150, 2020-03-21, Australia
MT304479, 2020-03-03, USA
MT482113, 2020-04, USA
MT163716, 2020-02-27, USA
MT322416, 2020-03, USA
MT365033, 2020-04-02, USA
MT358679, 2020-03-26, USA
MT326121, 2020-03-20, USA
MT258383, 2020-03-18, USA
MT215194, 2020-02-24, Hong Kong
MT370880, 2020-03-19, USA
MT435086, 2020-04-21, India
MT528237, 2020-03-07, Italy
MT293209, 2020-03-19, USA
MT506893, 2020-04-01, USA
MT450968, 2020-03-12, Australia
MT385474, 2020-03-28, USA
MT451886, 2020-04-26, India
MT461624, 2020-03-30, USA
MT263414, 2020-03-24, USA
MT481908, 2020-04-28, India
MT438749, 2020-04-22, USA
MT293178, 2020-03-26, USA
MT467249, 2020-04-29, India
MT496982, 2020-05-03, India
MT358719, 2020-03-27, USA
MT522855, 2020-04, USA
MT293183, 2020-03-18, USA
MT345867, 2020-03-23, USA
MT412280, 2020-04-05, USA
MT461667, 2020-04-03, USA
MT535509, 2020-04-06, USA
MT412242, 2020-03-11, USA
MT461628, 2020-03-30, USA
MT510722, 2020-03-19, USA
MT027063, 2020-01-29, USA
MT439288, 2020-03-25, USA
MT451121, 2020-03-20, Australia
MT451261, 2020-03-22, Australia
MT371000, 2020-03-21, USA
MT252737, 2020-03-14, USA
MT451072, 2020-03-18, Australia
MT470122, 2020-03, France
MT019532, 2019-12-30, China
MT470175, 2020-03, France
MT370967, 2020-03-21, USA
MT509480, 2020-03-26, USA
MT358668, 2020-03-31, USA
MT322398, 2020-03, USA
MT375451, 2020-03-27, USA
MT385438, 2020-04-08, USA
MT345825, 2020-03-25, USA
MT535493, 2020-04-07, USA
MT499176, 2020-03-26, USA
MT470131, 2020-03, France
MT470168, 2020-03, France
MT439289, 2020-03-25, USA
MT439290, 2020-03-25, USA
MT259286, 2020-03-15, USA
MT438755, 2020-04-22, USA
MT451196, 2020-03-23, Australia
MT371006, 2020-03-20, USA
MT276600, 2020-03-08, Hong Kong
MT370907, 2020-03-17, USA
MT263462, 2020-03-23, USA
MT358714, 2020-03-27, USA
MT481934, 2020-04-06, USA
MT114416, 2020-01-27, Hong Kong
MT293199, 2020-03-19, USA
MT512437, 2020-03-09, USA
MT444624, 2020-04-15, USA
MT517427, 2020-03-26, Czech Republic
MT457396, 2020-04-29, Netherlands
MT451092, 2020-03-19, Australia
MT276597, 2020-02, Israel
MT325632, 2020-03-04, USA
MT451884, 2020-04-26, India
MT449647, 2020-04-07, USA
MT385432, 2020-03-28, USA
MT370934, 2020-03-20, USA
MT350265, 2020-03-19, USA
MT496990, 2020-04-29, India
MT334557, 2020-03-20, USA
MT509659, 2020-05-03, India
MT385439, 2020-03-28, USA
MT459855, 2020-03-12, Greece
MT419820, 2020-03-24, Puerto Rico
MT450899, 2020-04, USA
MT459925, 2020-03-31, Greece
MT446347, 2020-04-06, USA
MT450895, 2020-04, USA
MT506201, 2020-03-14, USA
MT412283, 2020-04-04, USA
MT532435, 2020-04-27, USA
MT446342, 2020-04-08, USA
MT371048, 2020-03-10, Sri Lanka
MT461615, 2020-04-01, USA
MT459921, 2020-03-11, Greece
MT276598, 2020-03, Israel
MT450914, 2020-04, USA
MT370958, 2020-03-19, USA
MT358733, 2020-03-29, USA
MT450965, 2020-03-12, Australia
MT291831, 2020-01-24, China
MT293188, 2020-03-28, USA
MT251973, 2020-03-14, USA
MT412237, 2020-03-12, USA
MT439302, 2020-03-25, USA
MT512415, 2020-03-09, USA
MT506904, 2020-04-15, USA
MT252710, 2020-03-14, USA
MT451723, 2020-04-03, Australia
MT253709, 2020-01-21, China
MT375429, 2020-03-29, USA
MT385458, 2020-03-23, USA
MT512644, 2020-04-28, USA
MT461655, 2020-04-05, USA
MT459871, 2020-03-12, Greece
MT434782, 2020-03-05, USA
MT533226, 2020-04-30, USA
MT496977, 2020-05-03, India
MT263405, 2020-03-16, USA
MT482136, 2020-04, USA
MT470159, 2020-03, France
MT470100, 2020-03, France
MT358670, 2020-03-31, USA
MT370939, 2020-03-19, USA
MT477856, 2020-04-07, USA
MT263469, 2020-03-15, USA
MT019531, 2019-12-30, China
MT512425, 2020-03-07, USA
MT358647, 2020-03-31, USA
MT536961, 2020-04-13, USA
MT533199, 2020-04-25, USA
MT252792, 2020-03-10, USA
MT509494, 2020-05-03, India
MT159718, 2020-02-18, USA
MT466583, 2020-03-15, USA
MT506674, 2020-03-22, USA
MT246464, 2020-03-13, USA
MT451051, 2020-03-17, Australia
MT344944, 2020-03-08, USA
MT259269, 2020-03-14, USA
MT459851, 2020-03-10, Greece
MT259245, 2020-03-15, USA
MT499178, 2020-03-26, USA
MT293206, 2020-03-19, USA
MT358667, 2020-03-30, USA
MT370911, 2020-03-17, USA
MT263431, 2020-03-24, USA
MT450966, 2020-03-12, Australia
MT434809, 2020-03-19, USA
MT252684, 2020-03-10, USA
MT325630, 2020-03-05, USA
MT446345, 2020-04-04, USA
MT263392, 2020-03-24, USA
MT326054, 2020-03-23, USA
MT536975, 2020-04-16, USA
MT334536, 2020-03-13, USA
MT535488, 2020-04-07, USA
MT325596, 2020-03-04, USA
MT359866, 2020-03-15, Spain
MT439265, 2020-03-18, USA
MT439271, 2020-03-22, USA
MT472625, 2020-03-08, USA
MT439244, 2020-03-13, USA
MT451684, 2020-03-31, Australia
MT467241, 2020-04-26, India
MT477838, 2020-03-17, USA
MT370901, 2020-03-17, USA
MT251979, 2020-03-14, USA
MT419860, 2020-03-20, USA
MT451667, 2020-03-30, Australia
MT358741, 2020-03-29, USA
MT451236, 2020-03-20, Australia
MT322404, 2020-03, USA
MT467261, 2020-05-04, India
MT506660, 2020-03-19, USA
MT252767, 2020-03-11, USA
MT325574, 2020-03, USA
MT325618, 2020-03-08, USA
MT451163, 2020-03-22, Australia
MT506666, 2020-03-22, USA
MT451093, 2020-03-19, Australia
MT450876, 2020-04, USA
MT447166, 2020-01-23, Thailand
MT482141, 2020-04, USA
MT334535, 2020-03-13, USA
MT451726, 2020-04-04, Australia
MT470167, 2020-03, France
MT358682, 2020-03-26, USA
MT370949, 2020-03-20, USA
MT370839, 2020-03-14, USA
MT418887, 2020-04, USA
MT509455, 2020-03-20, USA
MT470162, 2020-03, France
MT252701, 2020-03-12, USA
MT506981, 2020-04-03, USA
MT326116, 2020-03-20, USA
MT259228, 2020-01-26, China
MT385436, 2020-03-25, USA
MT451033, 2020-03-20, Australia
MT512418, 2020-03-09, USA
MT482132, 2020-04, USA
MT027062, 2020-01-29, USA
MT293175, 2020-03-30, USA
MT451147, 2020-03-21, Australia
MT461642, 2020-04-04, USA
MT375471, 2020-04-06, USA
MT451442, 2020-03-29, Australia
MT325628, 2020-03-06, USA
MT263441, 2020-03-24, USA
MT461657, 2020-04-04, USA
MT326063, 2020-03-24, USA
MT415896, 2020-03, USA
MT459922, 2020-03-11, Greece
MT447156, 2020-01-23, Thailand
MT461622, 2020-03-31, USA
MT459894, 2020-03-19, Greece
MT370843, 2020-03-17, USA
MT380730, 2020-04-01, USA
MT079849, 2020-01-22, China
MT517420, 2020-03-27, Czech Republic
MT322412, 2020-03, USA
MT439284, 2020-03-24, USA
MT106052, 2020-02-06, USA
MT270109, 2020-01, Germany
MT322401, 2020-03, USA
MT459908, 2020-03-10, Greece
MT252778, 2020-03-11, USA
MT385460, 2020-03-28, USA
MT385479, 2020-03-31, USA
MT472627, 2020-03-08, USA
MT482115, 2020-04, USA
MT509658, 2020-05-03, India
MT467259, 2020-05-02, India
MT325576, 2020-03-08, USA
MT422806, 2020-03-27, USA
MT447177, 2020-03-26, Iran
MT415322, 2020-03-16, India
MT322414, 2020-03, USA
MT345840, 2020-03-24, USA
MT263420, 2020-03-20, USA
MT322400, 2020-03, USA
MT253703, 2020-01-25, China
MT451696, 2020-04-01, Australia
MT345846, 2020-03-24, USA
MT461616, 2020-04-01, USA
MT304490, 2020-03-01, USA
MT449636, 2020-04-01, USA
MN988669, 2020-01-02, China
MT496994, 2020-04-29, India
MT370848, 2020-03-18, USA
MT451049, 2020-03-17, Australia
MT192772, 2020-01-22, Viet Nam
MT259235, 2020-03-13, USA
MT506540, 2020-03-20, USA
MT450936, 2020-03-09, Australia
MT534630, 2020-01-26, China
MT528238, 2020-03-23, Italy
MT506570, 2020-04-03, USA
MT371019, 2020-03-21, USA
MT450990, 2020-03-14, Australia
MT502774, 2020-05-13, Bangladesh
MT350267, 2020-03-19, USA
MT512433, 2020-03-10, USA
MT511073, 2020-04-01, Poland
MT253710, 2020-01-21, China
MT252719, 2020-03-15, USA
MT252746, 2020-03-12, USA
MT375446, 2020-03-28, USA
MT344959, 2020-03-08, USA
MT457393, 2020-04-29, Netherlands
MT481932, 2020-04-04, USA
MT412258, 2020-04-05, USA
MT412243, 2020, USA
MT428552, 2020-03-20, Kazakhstan
MT304478, 2020-03-02, USA
MT292574, 2020-03-02, Spain
MT375456, 2020-03-27, USA
MT293161, 2020-03-16, USA
MT451220, 2020-03-17, Australia
MT531537, 2020-03-01, Italy
MT412294, 2020-04-01, USA
MT370861, 2020-03-17, USA
MT252763, 2020-03-12, USA
MT385471, 2020-04-08, USA
MT434799, 2020-03-09, USA
MT459920, 2020-03-11, Greece
MT345828, 2020-03-23, USA
MT293192, 2020-03-28, USA
MT358674, 2020-03-26, USA
MT412324, 2020-04-02, USA
MT263391, 2020-03-16, USA
MT326046, 2020-03-23, USA
MT446353, 2020-04-06, USA
MT412330, 2020-04-01, USA
MT325620, 2020-03-08, USA
MT262907, 2020-03-13, USA
MT293158, 2020-03-16, USA
MT451127, 2020-03-20, Australia
MT499192, 2020-03-24, USA
MT370863, 2020-03-18, USA
MT358648, 2020-03-31, USA
MT451076, 2020-03-18, Australia
MT438736, 2020-04-22, USA
MT459883, 2020-03-16, Greece
MT470123, 2020-03, France
MT325606, 2020-03-06, USA
MT451777, 2020-04-09, Australia
MT240479, 2020-03-04, Pakistan
MT293222, 2020-03-18, USA
MT370865, 2020-03-17, USA
MT506546, 2020-03-27, USA
MT334542, 2020-03-11, USA
MT451101, 2020-03-19, Australia
MT451601, 2020-04-05, Australia
MT159720, 2020-02-21, USA
MT536971, 2020-04-15, USA
MT262916, 2020-03-13, USA
MT418884, 2020-04, USA
MT470143, 2020-03, France
MT374116, 2020-03-18, Taiwan
MT451160, 2020-03-22, Australia
MT262993, 2020-03-12, Pakistan
MN997409, 2020-01-22, USA
MT509456, 2020-03-20, USA
MT438743, 2020-04-22, USA
MT470124, 2020-03, France
MT450879, 2020-04, USA
MT370890, 2020-03-18, USA
MT533203, 2020-04-27, USA
MT506681, 2020-03-23, USA
MT412267, 2020-04-08, USA
MT534316, 2020-04-14, USA
MT461638, 2020-04-02, USA
MT512444, 2020-03-03, USA
MT439296, 2020-03-24, USA
MT451880, 2020-04-26, India
MT507795, 2020-04-06, USA
MT509462, 2020-03-24, USA
MT263442, 2020-03-24, USA
MT506537, 2020-03-15, USA
MT412276, 2020-04-05, USA
MT506659, 2020-03-19, USA
MT419854, 2020-03-02, USA
MT451740, 2020-04-07, Australia
MT467244, 2020-04-30, India
MT262898, 2020-03-13, USA
MT474138, 2020-04-12, USA
MT293159, 2020-03-16, USA
MT419846, 2020-03-04, USA
MT350248, 2020-03, USA
MT499195, 2020-03-20, USA
MT259280, 2020-03-15, USA
MT483555, 2020-05-05, India
MT444540, 2020-03-31, USA
MT192759, 2020-01-25, Taiwan
MT370870, 2020-03-18, USA
MT483553, 2020-05-05, India
MT370898, 2020-03-18, USA
MT477858, 2020-04-08, USA
MT252730, 2020-03-13, USA
MT050493, 2020-01-31, India
MT460089, 2020-05-01, USA
MT451358, 2020-03-23, Australia
MT459874, 2020-03-13, Greece
MT451549, 2020-03-30, Australia
MT322423, 2020-03, USA
MT533197, 2020-04-27, USA
MT461618, 2020-04-01, USA
MT438760, 2020-04-22, USA
MT415912, 2020-04, USA
MT506700, 2020-04-22, USA
MT326023, 2020-03-24, USA
MT344949, 2020-03-07, USA
MT263436, 2020-03-24, USA
MT252708, 2020-03-13, USA
MT358731, 2020-03-29, USA
MT370956, 2020-03-19, USA
MT507280, 2020-04-03, USA
MT259285, 2020-03-15, USA
MT412301, 2020-03-30, USA
MT415904, 2020-04, USA
MT412299, 2020-03-31, USA
MT451182, 2020-03-22, Australia
MT263381, 2020-03-23, USA
MT517424, 2020-03-31, Czech Republic
MT511069, 2020-04-03, Poland
MT467263, 2020-05-04, India
MT385431, 2020-03-18, USA
MT435082, 2020-04-13, India
MT412287, 2020-04-07, USA
MT461626, 2020-03-31, USA
MT371026, 2020-03-19, USA
MT449644, 2020-04-06, USA
MT512422, 2020-03-23, USA
MT291827, 2019-12-30, China
MT482135, 2020-04, USA
MT246484, 2020-03-15, USA
MT350240, 2020-03, USA
MT407651, 2020-01-22, China
MT252810, 2020-03-08, USA
MT412264, 2020-04-07, USA
MT434790, 2020-03-17, USA
MT482122, 2020-04, USA
MT472623, 2020-03-05, USA
MT328035, 2020-03-18, Greece
MT246460, 2020-03-12, USA
MT460114, 2020-04-27, USA
MT370892, 2020-03-11, USA
MT375443, 2020-03-26, USA
MT499171, 2020-03-30, USA
MT246478, 2020-03-14, USA
MT461656, 2020-04-04, USA
MT459869, 2020-03-16, Greece
MT370862, 2020-03-16, USA
MT412337, 2020-04-03, USA
MT370518, 2020-02-27, Taiwan
MT375433, 2020-03-30, USA
MT459833, 2020-03-20, Greece
MT412251, 2020-03-12, USA
MT246470, 2020-03-13, USA
MT459904, 2020-03-28, Greece
MT358656, 2020-03-31, USA
MT259237, 2020-03-16, USA
MT159707, 2020-02-17, USA
MT252691, 2020-03-11, USA
MT371008, 2020-03-22, USA
MT334544, 2020-03-19, USA
MT533219, 2020-04-27, USA
MT259275, 2020-03-14, USA
MT451142, 2020-03-21, Australia
MN994468, 2020-01-22, USA
MT439249, 2020-03-17, USA
MT263455, 2020-03-24, USA
MT461606, 2020-03-28, USA
MT350266, 2020-03-19, USA
MT385415, 2020-03-28, USA
MT439295, 2020-03-26, USA
MT385482, 2020-03-28, USA
MT252785, 2020-03-11, USA
MT358730, 2020-03-29, USA
MT477855, 2020-04-07, USA
MT370845, 2020-03-18, USA
MT291832, 2020-01-25, China
MN996529, 2019-12-30, China
MT459903, 2020-03-23, Greece
MT428553, 2020-03-20, Kazakhstan
MT252772, 2020-03-11, USA
MT450996, 2020-03-15, Australia
MT451197, 2020-03-23, Australia
MT451749, 2020-04-07, Australia
MT439292, 2020-03-25, USA
MT435080, 2020-04-13, India
MT506689, 2020-03-26, USA
MT470146, 2020-03, France
MT482124, 2020-04, USA
MT438758, 2020-04-22, USA
MT300186, 2020-04-02, USA
MT415899, 2020-03, USA
MT371049, 2020-03-19, Sri Lanka
MT358723, 2020-03-27, USA
MT477904, 2020-04-29, USA
MT370868, 2020-03-17, USA
MT412274, 2020-04-04, USA
MT461640, 2020-04-03, USA
MT460092, 2020-05-01, USA
MT512438, 2020-03-09, USA
MT451657, 2020-03-27, Australia
MT459893, 2020-03-18, Greece
MT482126, 2020-04, USA
MT252761, 2020-03-12, USA
MT370980, 2020-03-20, USA
MT459861, 2020-03-16, Greece
MT135042, 2020-01-28, China
MT476384, 2020-02-21, USA
MT350272, 2020-03-19, USA
MT438730, 2020-04-22, USA
MT450902, 2020-04, USA
MT066176, 2020-02-05, Taiwan
MT350275, 2020-03-19, USA
MT385466, 2020-03-23, USA
MT470108, 2020-03, France
MT334546, 2020-03-19, USA
MT451037, 2020-03-21, Australia
MT447169, 2020-03-12, Thailand
MT457391, 2020-04-29, Netherlands
MT412173, 2020-03-20, USA
MT252683, 2020-03-10, USA
MT325603, 2020-03-09, USA
MT451279, 2020-03-24, Australia
MT450946, 2020-03-10, Australia
MT135044, 2020-01-28, China
MT077125, 2020-01-31, Italy
MT461658, 2020-04-04, USA
MT293179, 2020-03-17, USA
MT536962, 2020-04-13, USA
MT450887, 2020-04, USA
MT459854, 2020-03-11, Greece
MT451392, 2020-03-25, Australia
MT322409, 2020-03, USA
MT385445, 2020-03-25, USA
MT412308, 2020-03-31, USA
MT159714, 2020-02-18, USA
MT370891, 2020-03-16, USA
MT438740, 2020-04-22, USA
MT270111, 2020-02-08, Germany
MT252797, 2020-03-10, USA
MT370942, 2020-03-19, USA
MT451090, 2020-03-19, Australia
MT039887, 2020-01-31, USA
MT461648, 2020-04-03, USA
MT451216, 2020-03-24, Australia
MT358693, 2020-03-25, USA
MT481902, 2020-05-03, India
MT358700, 2020-03-26, USA
MT293165, 2020-03-17, USA
MT439262, 2020-03-23, USA
MT470156, 2020-03, France
MT325634, 2020-03-05, USA
MT451164, 2020-03-22, Australia
MT325591, 2020-03-06, USA
MT461650, 2020-04-04, USA
MT506648, 2020-03-17, USA
MT450910, 2020-04, USA
MT370940, 2020-03-19, USA
MT358646, 2020-03-31, USA
MT345853, 2020-03-25, USA
MT252774, 2020-03-11, USA
MT429184, 2020-04-10, USA
MT535495, 2020-04-07, USA
MT447163, 2020-02-22, Thailand
MT512420, 2020-03-21, USA
MT499183, 2020-03-23, USA
MT446348, 2020-04-06, USA
MT451100, 2020-03-19, Australia
MT446312, 2020-02-05, China
MT159715, 2020-02-24, USA
MT192765, 2020-03-11, USA
MT159721, 2020-02-21, USA
MT451057, 2020-03-17, Australia
MT326094, 2020-03-22, USA
MT371036, 2020-03-20, USA
MT292570, 2020-03-10, Spain
MT230904, 2020-01-22, Hong Kong
MT451599, 2020-04-04, Australia
MT326082, 2020-03-23, USA
MT263395, 2020-03-14, USA
MT407659, 2020-03-24, China
MT334541, 2020-03-11, USA
MT412238, 2020-03-12, USA
MT159706, 2020-02-17, USA
MT246456, 2020-03-13, USA
MT374112, 2020-03-16, Taiwan
MT370866, 2020-03-17, USA
MT528606, 2020-04, USA
MT263451, 2020-03-16, USA
MT451239, 2020-03-20, Australia
MN988713, 2020-01-21, USA
MT451169, 2020-03-22, Australia
MT412134, 2020-02-24, China
MT385451, 2020-04-08, USA
MT251978, 2020-03-14, USA
MT528598, 2020-04, USA
MT326081, 2020-03-24, USA
MT434797, 2020-03-17, USA
MT079845, 2020-01-22, China
MT304484, 2020-02-29, USA
MT496988, 2020-05-03, India
MT451259, 2020-03-22, Australia
MT467238, 2020-04-29, India
MT326055, 2020-03-21, USA
MT446357, 2020-04-06, USA
MT385477, 2020-04-08, USA
MT258379, 2020-03-18, USA
MT263074, 2020-03-10, Peru
MT451149, 2020-03-21, Australia
MT450994, 2020-03-14, Australia
MT451139, 2020-03-21, Australia
MT270815, 2020-03-16, Hong Kong
MT446344, 2020-04-04, USA
MT459886, 2020-03-17, Greece
MT291836, 2020-01-29, China
MT358671, 2020-03-30, USA
MT499194, 2020-03-20, USA
MT304476, 2020-02-29, South Korea
MT451452, 2020-03-28, Australia
MT534308, 2020-04-11, USA
MT253708, 2020-01-21, China
MT259266, 2020-03-13, USA
MT093631, 2020-01-08, China
MT252682, 2020-03-10, USA
MT345847, 2020-03-24, USA
MT385457, 2020-03-28, USA
MT345855, 2020-03-25, USA
MT334539, 2020-03-14, USA
MT512441, 2020-03-10, USA
MT534320, 2020-04-12, USA
MT325598, 2020-03-08, USA
MT470118, 2020-03, France
MT375483, 2020-04-02, USA
MT293202, 2020-03-19, USA
MT506532, 2020-03-14, USA
MT375432, 2020-03-30, USA
MT385418, 2020-03-23, USA
MT252781, 2020-03-11, USA
MT412284, 2020-04-04, USA
MT470176, 2020-03, France
MT477847, 2020-03-28, USA
MT374111, 2020-03-17, Taiwan
MT350254, 2020-04, USA
MT511071, 2020-04-07, Poland
MT396266, 2020-04-24, Netherlands
MT407652, 2020-01-26, China
MT439317, 2020-03-26, USA
MT326088, 2020-03-23, USA
MT412311, 2020-04-01, USA
MT370856, 2020-03-18, USA
MT259284, 2020-03-15, USA
MT511079, 2020-03-29, Poland
MT370888, 2020-03-17, USA
MT506531, 2020-03-12, USA
MT439234, 2020-03-11, USA
MT293176, 2020-03-17, USA
MT370986, 2020-03-20, USA
MT481931, 2020-04-01, USA
MT263418, 2020-03-16, USA
MT533198, 2020-04-26, USA
MT371007, 2020-03-19, USA
MT482145, 2020-04, USA
MT528615, 2020-04, USA
MT252768, 2020-03-11, USA
MT451024, 2020-03-18, Australia
MT451172, 2020-03-22, Australia
MT412272, 2020-04-06, USA
MT451146, 2020-03-21, Australia
MT451258, 2020-03-22, Australia
MT345844, 2020-03-24, USA
MT418881, 2020-04, USA
MT450882, 2020-04, USA
MT477836, 2020-03-16, USA
MT481927, 2020-03-27, USA
MT375454, 2020-03-27, USA
MT374105, 2020-03-13, Taiwan
MT507281, 2020-03-15, USA
MT507273, 2020-03-14, Jamaica
MT263464, 2020-03-16, USA
MT496996, 2020-05-02, India
MT451456, 2020-03-28, Australia
MT370984, 2020-03-21, USA
MT450974, 2020-03-13, Australia
MT536188, 2020-04-04, USA
MT451046, 2020-03-16, Australia
MT345833, 2020-03-25, USA
MT451116, 2020-03-20, Australia
MT344945, 2020-03-07, USA
MT461644, 2020-04-05, USA
MT252758, 2020-03-11, USA
MT385440, 2020-03-23, USA
MT371572, 2020-03-19, Czech Republic
MT358706, 2020-03-31, USA
MT477859, 2020-04-08, USA
MT263421, 2020-03-24, USA
MT481907, 2020-04-26, India
MT375453, 2020-03-27, USA
MT370988, 2020-03-20, USA
MT385441, 2020-03-25, USA
MT496984, 2020-05-03, India
MT467262, 2020-05-04, India
MT079843, 2020-01-22, China
MT534329, 2020-04-12, USA
MT350274, 2020-03-19, USA
MT438728, 2020-04-22, USA
MT451226, 2020-03-20, Australia
MT325565, 2020-03-02, USA
MT459866, 2020-03-13, Greece
MT412300, 2020-03-30, USA
MT482133, 2020-04, USA
MT451611, 2020-04-05, Australia
MT385464, 2020-03-23, USA
MT528623, 2020-04, USA
MT259227, 2020-01-26, China
MT415895, 2020-03, USA
MT159712, 2020-02-25, USA
MT358641, 2020-02, Germany
MT512435, 2020-03-10, USA
MT123293, 2020-01-29, China
MT374110, 2020-03-17, Taiwan
MT451015, 2020-03-17, Australia
MT450878, 2020-04, USA
MT482114, 2020-04, USA
MT434806, 2020-03-10, USA
MT407654, 2020-03-24, China
MT253696, 2020-01-23, China
MT451235, 2020-03-20, Australia
MT451105, 2020-03-19, Australia
MT114417, 2020-01-29, Hong Kong
MT252798, 2020-03-10, USA
MT259230, 2020-01-25, China
MT374115, 2020-03-18, Taiwan
MT499173, 2020-03-29, USA
MT517434, 2020-03-29, Czech Republic
MT477848, 2020-03-27, USA
MT293201, 2020-03-19, USA
MT394528, 2020-03-24, USA
MT451376, 2020-03-25, Australia
MT509492, 2020-03-17, USA
MT325570, 2020-03-05, USA
MT527178, 2020-02-28, Italy
MT459834, 2020-03-23, Greece
MT506890, 2020-04-14, USA
MT262911, 2020-03-13, USA
MT358691, 2020-03-27, USA
MT407658, 2020-03-24, China
MT385422, 2020-03-28, USA
MT499179, 2020-04-09, USA
MT412253, 2020-03-11, USA
MT509457, 2020-03-19, USA
MT459865, 2020-03-12, Greece
MT370851, 2020-03-18, USA
MT415905, 2020-04, USA
MT461652, 2020-04-04, USA
MT451597, 2020-04-04, Australia
MT415320, 2020-03-01, India
MT438725, 2020-04-22, USA
MT293215, 2020-03-19, USA
MT412245, 2020-03-11, USA
MT459890, 2020-03-14, Greece
MT528599, 2020-04, USA
MT344955, 2020-03-08, USA
MT259252, 2020-03-14, USA
MT451192, 2020-03-23, Australia
MT325602, 2020-03-08, USA
MT019530, 2019-12-30, China
MT474127, 2020-03-27, USA
MT293224, 2020-03-18, USA
MT358643, 2020-02, Germany
MT451641, 2020-03-26, Australia
MT444633, 2020-04-14, USA
MT470112, 2020-03, France
MT460121, 2020-04-27, USA
MT517425, 2020-03-31, Czech Republic
MT345873, 2020-03-30, USA
MT358710, 2020-03-27, USA
MT325613, 2020-03-08, USA
MT252757, 2020-03-11, USA
MT246461, 2020-03-13, USA
MT252700, 2020-03-13, USA
MT407653, 2020-01-26, China
MT375445, 2020-03-29, USA
MT451201, 2020-03-23, Australia
MT535491, 2020-04-07, USA
MT246455, 2020-03-12, USA
MT535494, 2020-04-07, USA
MT412310, 2020-04-01, USA
MT293220, 2020-03-18, USA
MT461649, 2020-04-05, USA
MT459839, 2020-03-20, Greece
MT412286, 2020-04-07, USA
MT358721, 2020-03-27, USA
MT326128, 2020-03-20, USA
MT439279, 2020-03-24, USA
MT451247, 2020-03-21, Australia
MT370895, 2020-03-16, USA
MT263448, 2020-03-16, USA
MT528600, 2020-04, USA
MT252687, 2020-03-10, USA
MT262908, 2020-03-13, USA
MT263398, 2020-03-24, USA
MT252747, 2020-03-12, USA
MT407655, 2020-03-24, China
MT509477, 2020-03-20, USA
MT451211, 2020-03-24, Australia
MT412244, 2020-03-12, USA
MT506898, 2020-04-18, USA
MT358705, 2020-03-29, USA
MT470163, 2020-03, France
MT418890, 2020-04, USA
MT466071, 2020-03-13, Uruguay
MT370965, 2020-03-19, USA
MT375435, 2020-03-31, USA
MT451441, 2020-03-29, Australia
MT253705, 2020-01-22, China
MT325579, 2020-03-09, USA
MT434798, 2020-03-09, USA
MT370831, 2020-03-18, USA
MT371013, 2020-03-21, USA
MT370916, 2020-03-17, USA
MT457403, 2020-03-25, India
MT370975, 2020-03-19, USA
MT325607, 2020-03-07, USA
MT451604, 2020-04-05, Australia
MT358649, 2020-03-31, USA
MT496985, 2020-05-05, India
MT461664, 2020-04-02, USA
MT432195, 2020-04-09, USA
MT477861, 2020-04-12, USA
MT252782, 2020-03-11, USA
MT533222, 2020-04-30, USA
MT536970, 2020-04-16, USA
MT451248, 2020-03-21, Australia
MT470107, 2020-03, France
MT535487, 2020-04-07, USA
MT509702, 2020-03-30, USA
MT252685, 2020-03-10, USA
MT450903, 2020-04, USA
MT483556, 2020-05-05, India
MT326154, 2020-03-21, USA
MT325588, 2020-03-06, USA
MT470139, 2020-03, France
MT385443, 2020-03-28, USA
MT259261, 2020-03-16, USA
MT419832, 2020-02-27, USA
MT506649, 2020-03-18, USA
MT446346, 2020-04-07, USA
MT451389, 2020-03-25, Australia
MT528621, 2020-04, USA
MT326167, 2020-03-21, USA
MT375470, 2020-04-06, USA
MT450905, 2020-04, USA
MT407649, 2020-01-22, China
MT451882, 2020-04-26, India
MT375444, 2020-03-29, USA
MT477843, 2020-03-21, USA
MT326100, 2020-03-22, USA
MT451580, 2020-04-03, Australia
MT509504, 2020-05-06, India
MT506889, 2020-04-18, USA
MT512430, 2020-03-07, USA
MT292572, 2020-03-10, Spain
MT511082, 2020-04-01, Poland
MT358684, 2020-03-25, USA
MT470166, 2020-03, France
MT482130, 2020-04, USA
MT263419, 2020-03-16, USA
MT292571, 2020-03-09, Spain
MT358689, 2020-03-26, USA
MT358655, 2020-03-30, USA
MT252717, 2020-03-14, USA
MT451775, 2020-04-09, Australia
MT370894, 2020-03-17, USA
MT509489, 2020-03-17, USA
MT534326, 2020-05-12, USA
MT536180, 2020-04-07, USA
MT451449, 2020-03-28, Australia
MT259229, 2020-01-26, China
MT444625, 2020-04-15, USA
MT451675, 2020-03-31, Australia
MT291835, 2020-01-27, China
MT358652, 2020-03-30, USA
MT481901, 2020-04-28, India
MT259264, 2020-03-13, USA
MT370954, 2020-03-21, USA
MT509959, 2020-05-04, India
MT412295, 2020-03-31, USA
MT326104, 2020-03-22, USA
MT263459, 2020-03-24, USA
MT293160, 2020-03-16, USA
MT451448, 2020-03-24, Australia
MT438747, 2020-04-22, USA
MT460120, 2020-04-28, USA
MT262904, 2020-03-13, USA
MT326061, 2020-03-23, USA
MT509454, 2020-03-13, USA
MT326056, 2020-03-24, USA
MT344948, 2020-03-05, USA
MT345824, 2020-03-25, USA
MT371017, 2020-03-22, USA
MT451013, 2020-03-17, Australia
MT434794, 2020-03-08, USA
MT370908, 2020-03-18, USA
MT370897, 2020-03-18, USA
MT358642, 2020-02, Germany
MT446358, 2020-04-06, USA
MT459859, 2020-03-16, Greece
MT365029, 2020-01-30, Hong Kong
MT345799, 2020-03-23, USA
MT451371, 2020-03-24, Australia
MT534339, 2020-04-27, USA
MT451447, 2020-03-28, Australia
MT507278, 2020-04-08, USA
MT252725, 2020-03-13, USA
MT451713, 2020-04-03, Australia
MT114415, 2020-01-27, Hong Kong
MT370998, 2020-03-19, USA
MT419853, 2020-03-14, USA
MT304474, 2020-02-27, South Korea
MT536976, 2020-04-17, USA
MT079854, 2020-01-22, China
MT345866, 2020-03-23, USA
MT375442, 2020-03-26, USA
MT293163, 2020-03-29, USA
MT375431, 2020-03-29, USA
MT461647, 2020-04-03, USA
MT246467, 2020-03-14, USA
MT499203, 2020-03-20, USA
MT535505, 2020-04-06, USA
MT252739, 2020-03-15, USA
MT252697, 2020-03-13, USA
MT252735, 2020-03-14, USA
MT438720, 2020-04-22, USA
MT233526, 2020-01-19, USA
MT291830, 2019-12-30, China
MT385419, 2020-04-08, USA
MT350237, 2020-03, USA
MT451708, 2020-04-03, Australia
MT470133, 2020-03, France
MT451137, 2020-03-21, Australia
MT470142, 2020-03, France
MT385449, 2020-03-31, USA
MT481933, 2020-04-03, USA
MT451173, 2020-03-22, Australia
MT451194, 2020-03-23, Australia
MT517428, 2020-03-26, Czech Republic
MT482127, 2020-04, USA
MT344962, 2020-03-07, USA
MT451183, 2020-03-22, Australia
MT385467, 2020-04-08, USA
MT385427, 2020-04-08, USA
MT429186, 2020-04-12, USA
MT375463, 2020-04-07, USA
MT246452, 2020-03-13, USA
MT461633, 2020-04-02, USA
MT345851, 2020-03-25, USA
MT293205, 2020-03-19, USA
MT509508, 2020-05-05, India
MT534337, 2020-05-12, USA
MT512421, 2020-03-23, USA
MT325572, 2020-03-08, USA
MT372481, 2020-03-20, Malaysia
MT252742, 2020-03-12, USA
MT259274, 2020-03-14, USA
MT226610, 2020-01-20, China
MT358640, 2020-02, Germany
MT293190, 2020-03-17, USA
MT259249, 2020-03-13, USA
MT350243, 2020-03, USA
MT326042, 2020-03-23, USA
MT528239, 2020-03-04, Italy
MT451651, 2020-03-27, Australia
MN985325, 2020-01-19, USA
MT252769, 2020-03-11, USA
MT419836, 2020-03-05, USA
MT509496, 2020-05-09, India
MT506900, 2020-04-18, USA
MT345857, 2020-03-24, USA
MT439260, 2020-03-21, USA
MT263388, 2020-03-16, USA
MT375428, 2020-03-29, USA
MT482129, 2020-04, USA
MT325631, 2020-03-05, USA
MT322420, 2020-03, USA
MT470126, 2020-03, France
MT350255, 2020-04, USA
MT450995, 2020-03-15, Australia
MT370913, 2020-03-17, USA
MT451237, 2020-03-20, Australia
MT532437, 2020-04-07, USA
MT450982, 2020-03-13, Australia
MT506668, 2020-03-22, USA
MT509506, 2020-04-27, India
MT263443, 2020-03-24, USA
MT459837, 2020-03-29, Greece
MT326090, 2020-03-21, USA
MT470132, 2020-03, France
MT509669, 2020-03-11, USA
MT259248, 2020-03-14, USA
MT375472, 2020-04-08, USA
MT270105, 2020-01, Germany
MT482121, 2020-04, USA
MT460116, 2020-04-29, USA
MT506695, 2020-04-08, USA
MT535492, 2020-04-07, USA
MT451195, 2020-03-23, Australia
MT252802, 2020-03-08, USA
MT447165, 2020-02-25, Thailand
MT451118, 2020-03-20, Australia
MT512424, 2020-03-03, USA
MT450900, 2020-04, USA
MT415901, 2020-04, USA
MT434810, 2020-03-18, USA
MT434801, 2020-03-09, USA
MT528612, 2020-04, USA
MT334537, 2020-03-13, USA
MT451207, 2020-03-24, Australia
MT451059, 2020-03-17, Australia
MT252745, 2020-03-12, USA
MT345841, 2020-03-24, USA
MT385437, 2020-03-28, USA
MT512428, 2020-03-08, USA
MT263408, 2020-03-24, USA
MT451145, 2020-03-21, Australia
MT506663, 2020-03-22, USA
MT510728, 2020-02-13, China
MT259239, 2020-03-16, USA
MT326097, 2020-03-21, USA
MT460130, 2020-04-30, USA
MT293182, 2020-03-18, USA
MT252678, 2020-03-10, USA
MT499190, 2020-04-07, USA
MT506683, 2020-03-24, USA
MT419841, 2020-02-29, USA
MT412255, 2020-04-02, USA
MT470110, 2020-03, France
MT451737, 2020-04-06, Australia
MT439261, 2020-03-23, USA
MT507274, 2020-03-16, Jamaica
MT412297, 2020-03-30, USA
MT370852, 2020-03-17, USA
MT358702, 2020-03-27, USA
MT459857, 2020-03-12, Greece
MT252807, 2020-03-09, USA
MT450961, 2020-03-11, Australia
MT345843, 2020-03-24, USA
MT459923, 2020-03-27, Greece
MT375449, 2020-03-28, USA
MT509657, 2020-05-03, India
MT246472, 2020-03-12, USA
MT252803, 2020-03-09, USA
MT506680, 2020-03-19, USA
MT451214, 2020-03-24, Australia
MT517437, 2020-04-19, Taiwan
MT322413, 2020-03, USA
MT528607, 2020-04, USA
MT252707, 2020-03-13, USA
MT412319, 2020-04-01, USA
MT451488, 2020-03-28, Australia
MT459848, 2020-03-31, Greece
MT350242, 2020-03, USA
MT461608, 2020-03-29, USA
MT533235, 2020-03-31, USA
MT358401, 2020-04-06, USA
MT326048, 2020-03-23, USA
MT450906, 2020-04, USA
MT509497, 2020-05-11, India
MT451109, 2020-03-20, Australia
MT528629, 2020-04, USA
MT450970, 2020-03-12, Australia
MT370960, 2020-03-18, USA
MT019533, 2020-01-01, China
MT459846, 2020-03-26, Greece
MT470114, 2020-03, France
MT450984, 2020-03-13, Australia
MT434805, 2020-03-10, USA
MT259277, 2020-03-15, USA
MT370881, 2020-03-13, USA
MT293164, 2020-03-17, USA
MT412246, 2020-03-11, USA
MT506693, 2020-03-26, USA
MT470161, 2020-03, France
MT528631, 2020-04, USA
MT252712, 2020-03-14, USA
MT439311, 2020-03-27, USA
MT350268, 2020-03-19, USA
MT459858, 2020-03-14, Greece
MT459887, 2020-03-18, Greece
MT470141, 2020-03, France
MT325608, 2020-03-08, USA
MT451128, 2020-03-20, Australia
MT470125, 2020-03, France
MT476385, 2020-04-18, Bangladesh
MT263399, 2020-03-24, USA
MT375477, 2020-04-02, USA
MT385447, 2020-03-31, USA
MT123290, 2020-02-05, China
MT326166, 2020-03-21, USA
MT506572, 2020-04-03, USA
MT450992, 2020-03-14, Australia
MT326028, 2020-03-24, USA
MT506679, 2020-03-21, USA
MT106054, 2020-02-11, USA
MT534311, 2020-04-14, USA
MT358737, 2020-03-28, USA
MT079853, 2020-01-22, China
MT533223, 2020-04-30, USA
MT499196, 2020-03-22, USA
MT308703, 2020-04, USA
MT293218, 2020-03-18, USA
MT370952, 2020-03-20, USA
MT419851, 2020-03-13, USA
MT326178, 2020-03-19, USA
MT509475, 2020-03-11, USA
MT444626, 2020-04-15, USA
MT370850, 2020-03-17, USA
MT439314, 2020-03-27, USA
MT451246, 2020-03-21, Australia
MT256924, 2020-03-11, Colombia
MT375474, 2020-04-06, USA
MT506643, 2020-03-17, USA
MT506685, 2020-03-23, USA
MT470150, 2020-03, France
MT325605, 2020-03-05, USA
MT246488, 2020-03-14, USA
MT510719, 2020-03-14, USA
MT252713, 2020-03-15, USA
MT262910, 2020-03-13, USA
MT374102, 2020-03-05, Taiwan
MT358402, 2020-04-06, USA
MT276327, 2020-02-29, USA
MT451176, 2020-03-22, Australia
MT350269, 2020-03-20, USA
MT533212, 2020-04-26, USA
MT276326, 2020-02-29, USA
MT451771, 2020-04-08, Australia
MT415900, 2020-03, USA
MT534323, 2020-04-12, USA
MT259243, 2020-03-13, USA
MT374108, 2020-03-14, Taiwan
MT481936, 2020-04-07, USA
MT528604, 2020-04, USA
MT451134, 2020-03-21, Australia
MT385426, 2020-03-28, USA
MT412257, 2020-04-02, USA
MT509510, 2020-05-10, India
MT412325, 2020-04-01, USA
MT457402, 2020-03-24, India
MT528627, 2020-04, USA
MT419829, 2020-02-28, USA
MT528603, 2020-04, USA
MT451733, 2020-04-06, Australia
MT370932, 2020-03-20, USA
MT434804, 2020-03-17, USA
MT435085, 2020-04-22, India
MT370842, 2020-03-04, USA
MT325621, 2020-03-07, USA
MT534309, 2020-05-12, USA
MT412176, 2020-03-16, USA
MT281577, 2020-03-10, China
MT451224, 2020-03-18, Australia
MT375461, 2020-04-06, USA
MT415910, 2020-04, USA
MT438748, 2020-04-22, USA
MT451391, 2020-03-25, Australia
MT259257, 2020-03-16, USA
MT451040, 2020-03-22, Australia
MN996528, 2019-12-30, China
MT262900, 2020-03-13, USA
MT358722, 2020-03-27, USA
MT325580, 2020-03-06, USA
MT483563, 2020-04-06, USA
MT358678, 2020-03-27, USA
MT370964, 2020-03-21, USA
MT451102, 2020-03-19, Australia
MT509466, 2020-03-17, USA
MT079847, 2020-01-22, China
MT482131, 2020-04, USA
MT326036, 2020-03-23, USA
MT019529, 2019-12-23, China
MT451154, 2020-03-21, Australia
MT253706, 2020-01-22, China
MT470177, 2020-03, France
MT419810, 2020-03-23, Puerto Rico
MT419816, 2020-03-24, Puerto Rico
MT263440, 2020-03-24, USA
MT251974, 2020-03-12, USA
MT251976, 2020-03-14, USA
MT350239, 2020-03, USA
MT358687, 2020-03-26, USA
MT451165, 2020-03-22, Australia
MT385461, 2020-03-25, USA
MT534332, 2020-05-12, USA
MT251975, 2020-03-14, USA
MT507275, 2020-03-16, Jamaica
MT450943, 2020-03-10, Australia
MT535501, 2020-04-07, USA
MT326158, 2020-03-21, USA
MT506567, 2020-04-02, USA
MT358735, 2020-03-28, USA
MT370871, 2020-03-17, USA
MT252779, 2020-03-11, USA
MT506677, 2020-03-21, USA
MT438722, 2020-04-22, USA
MT507271, 2020-03-09, Jamaica
MT259256, 2020-03-13, USA
MT528601, 2020-04, USA
MT447175, 2020-03-19, Thailand
MT263386, 2020-03-14, USA
MT259236, 2020-03-16, USA
MT509493, 2020-03-23, USA
MT451603, 2020-04-05, Australia
MT370966, 2020-03-19, USA
MT500122, 2020-03-16, Pakistan
MT252702, 2020-03-13, USA
MT451141, 2020-03-21, Australia
MT535472, 2020-03-26, USA
MT482128, 2020-04, USA
MT325582, 2020-03-05, USA
MT263406, 2020-03-13, USA
MT482140, 2020-04, USA
MT371034, 2020-03-22, USA
MT459884, 2020-03-16, Greece
MT320891, 2020-03-09, Iran
MT325564, 2020-03-06, USA
MT506886, 2020-04-18, USA
MT534324, 2020-04-12, USA
MT450872, 2020-04-13, Serbia
MT358644, 2020-04-01, USA
MT375450, 2020-03-28, USA
MT370878, 2020-03-16, USA
MT528609, 2020-04, USA
MT093571, 2020-02-07, Sweden
MT509502, 2020-05-10, India
MT345802, 2020-03-21, USA
MT510718, 2020-03-15, USA
MT517431, 2020-03-27, Czech Republic
MT345805, 2020-03-23, USA
MT512443, 2020-03-11, USA
MT350253, 2020-04, USA
MT446349, 2020-04-04, USA
MT450985, 2020-03-14, Australia
MT534325, 2020-05-12, USA
MT451602, 2020-04-05, Australia
MT339041, 2020-03-17, USA
MT246473, 2020-03-14, USA
MT326136, 2020-03-19, USA
MT509501, 2020-05-06, India
MT470172, 2020-03, France
MT375462, 2020-04-06, USA
MT496991, 2020-04-27, India
MT114419, 2020-01-29, Hong Kong
MT412277, 2020-04-07, USA
MT482143, 2020-04, USA
MT415909, 2020-04, USA
MT295465, 2020-03-27, USA
MT358739, 2020-03-29, USA
MT533204, 2020-03-19, USA
MT459986, 2020-03-24, Guam
MT020881, 2020-01-25, USA
MT451655, 2020-03-27, Australia
MT512429, 2020-03-09, USA
MT439310, 2020-03-27, USA
MT370914, 2020-03-17, USA
MT345884, 2020-03-29, USA
MT535502, 2020-04-07, USA
MT159722, 2020-02-21, USA
MT385421, 2020-03-25, USA
MT434786, 2020-03-04, USA
MT460119, 2020-04-28, USA
MT477835, 2020-03-15, USA
MT477840, 2020-03-18, USA
MT345878, 2020-03-29, USA
MT371028, 2020-03-21, USA
MT451712, 2020-04-03, Australia
MT451187, 2020-03-23, Australia
MT449670, 2020-04-26, USA
MT328034, 2020-03-18, Greece
MT451229, 2020-03-20, Australia
MT451081, 2020-03-18, Australia
MT451755, 2020-04-08, Australia
MT461605, 2020-03-28, USA
MT451162, 2020-03-22, Australia
MT370950, 2020-03-20, USA
MT322419, 2020-03, USA
MT252756, 2020-03-11, USA
MT451103, 2020-03-19, Australia
MT451263, 2020-03-22, Australia
MT451125, 2020-03-20, Australia
MT450951, 2020-03-10, Australia
MT322424, 2020-03, USA
MT325584, 2020-03-06, USA
MT322396, 2020-03, USA
MT450891, 2020-04, USA
MT326066, 2020-03-24, USA
MT509490, 2020-03-14, USA
MT419831, 2020-02-27, USA
MT477850, 2020-04-02, USA
MN975262, 2020-01-11, China
MT252693, 2020-03-11, USA
MT506571, 2020-04-03, USA
MT385416, 2020-04-08, USA
MT358685, 2020-03-26, USA
MT447158, 2020-01-25, Thailand
MT522854, 2020-04, USA
MT358738, 2020-03-28, USA
MT358639, 2020-02, Germany
MT461646, 2020-04-03, USA
MT375436, 2020-03-31, USA
MT293189, 2020-03-18, USA
MT451666, 2020-03-29, Australia
MT415894, 2020-03, USA
MT459850, 2020-03-10, Greece
MT246489, 2020-03-14, USA
MT444635, 2020-04-15, USA
MT419830, 2020-02-27, USA
MT385472, 2020-03-25, USA
MT326140, 2020-03-20, USA
MT415906, 2020-03, USA
MT252793, 2020-03-09, USA
MT506675, 2020-03-21, USA
MT507793, 2020-03-11, Jamaica
MT326161, 2020-03-21, USA
MT534331, 2020-05-12, USA
MT252733, 2020-03-13, USA
MT326075, 2020-03-20, USA
MT322406, 2020-03, USA
MT270814, 2020-03-18, Hong Kong
MT451168, 2020-03-22, Australia
MT451079, 2020-03-18, Australia
MT358743, 2020-04-01, USA
MT477839, 2020-03-19, USA
MT467256, 2020-04-29, India
MT358699, 2020-03-26, USA
MT467243, 2020-04-30, India
MT326117, 2020-03-20, USA
MT293185, 2020-03-28, USA
MT461630, 2020-03-31, USA
MT467239, 2020-04-26, India
MT326137, 2020-03-19, USA
MT418892, 2020-04, USA
MT451178, 2020-03-22, Australia
MT259263, 2020-03-13, USA
MT370841, 2020-03-17, USA
MT451135, 2020-03-21, Australia
MT358698, 2020-03-25, USA
MT536965, 2020-04-13, USA
MT293200, 2020-03-19, USA
MT322410, 2020-03, USA
MT507277, 2020-03-31, USA
MT474128, 2020-03-27, USA
MT450957, 2020-03-11, Australia
MT350276, 2020-03-19, USA
MT358748, 2020-03-31, USA
MT252799, 2020-03-09, USA
MT461660, 2020-04-05, USA
MT533237, 2020-04-01, USA
MT483558, 2020-05-05, India
MT350279, 2020-03-19, USA
MT438741, 2020-04-22, USA
MT412155, 2020-03-17, USA
MT412177, 2020-03-20, USA
MT525950, 2020-03-01, Italy
MT374113, 2020-03-17, Taiwan
MT326138, 2020-03-20, USA
MT344950, 2020-03-07, USA
MT262914, 2020-03-13, USA
MT415911, 2020-04, USA
MT370957, 2020-03-18, USA
MT533210, 2020-04-16, USA
MT451065, 2020-03-18, Australia
MT159705, 2020-02-17, USA
MT449656, 2020-04-13, USA
MT375478, 2020-04-02, USA
MT449641, 2020-04-04, USA
MT370886, 2020-03-17, USA
MT419818, 2020-03-23, Puerto Rico
MT385428, 2020-03-28, USA
MT370846, 2020-03-16, USA
MT451692, 2020-04-01, Australia
MT326035, 2020-03-23, USA
MT509474, 2020-03-08, USA
MT358664, 2020-03-31, USA
MT039873, 2020-01-20, China
MT159719, 2020-02-18, USA
MT461623, 2020-03-31, USA
MT459853, 2020-03-11, Greece
MT370905, 2020-03-17, USA
MN908947, 2019-12, China
MT536184, 2020-04-03, USA
MT481909, 2020-05-05, India
MT322422, 2020-03, USA
MT252806, 2020-03-09, USA
MT334534, 2020-03-13, USA
MT293194, 2020-03-18, USA
MT375467, 2020-04-07, USA
MT451276, 2020-03-23, Australia
MT461636, 2020-04-02, USA
MT350264, 2020-03-19, USA
MT345808, 2020-03-25, USA
MT418885, 2020-04, USA
MT188341, 2020-03-05, USA
MT467245, 2020-04-29, India
MT365031, 2020-02-02, Hong Kong
MT459867, 2020-03-20, Greece
MT450892, 2020-04, USA
MT536977, 2020-04-17, USA
MT412234, 2020-03-13, USA
MT460113, 2020-04-27, USA
MT326039, 2020-03-23, USA
MT459881, 2020-03-14, Greece
MT451281, 2020-03-24, Australia
MT507279, 2020-04-02, USA
MT370838, 2020-03-17, USA
MT370869, 2020-03-18, USA
MT449672, 2020-04-25, USA
MT483557, 2020-05-05, India
MT192773, 2020-01-22, Viet Nam
MT451041, 2020-03-22, Australia
MT412247, 2020-03-12, USA
MT292573, 2020-03-09, Spain
MT079848, 2020-01-22, China
MT482123, 2020-04, USA
MT499208, 2020-04-11, Poland
MT258381, 2020-03-18, USA
MT459880, 2020-03-14, Greece
MT459989, 2020-03-27, USA
MT482134, 2020-04, USA
MT252780, 2020-03-11, USA
MT467247, 2020-04-29, India
MT528616, 2020-04, USA
MT385424, 2020-03-28, USA
MT434807, 2020-03-09, USA
MT512446, 2020-03-13, USA
MT270106, 2020-02-01, Germany
MT308704, 2020-04, USA
MT447157, 2020-01-25, Thailand
MT451244, 2020-03-21, Australia
MT438718, 2020-04-22, USA
MT506535, 2020-03-16, USA
MT452574, 2020-03-12, USA
MT533227, 2020-04-30, USA
MT509486, 2020-03-18, USA
MT451131, 2020-03-21, Australia
MT184913, 2020-02-24, USA
MT253704, 2020-01-25, China
MT412268, 2020-04-08, USA
MT470116, 2020-03, France
MT450988, 2020-03-14, Australia
MT263410, 2020-03-16, USA
MT510725, 2020-03-20, USA
MT459888, 2020-03-18, Greece
MT482144, 2020-04, USA
MT293196, 2020-03-19, USA
MT451213, 2020-03-24, Australia
MT293166, 2020-03-17, USA
MT262906, 2020-03-13, USA
MT252690, 2020-03-10, USA
MT252794, 2020-03-10, USA
MT322397, 2020-03, USA
MT325627, 2020-03-04, USA
MT370970, 2020-03-20, USA
MT370981, 2020-03-19, USA
MT506696, 2020-04-19, USA
MT345823, 2020-03-25, USA
MT407656, 2020-03-24, China
MT481898, 2020-05-05, India
MT451616, 2020-04-06, Australia
MT507794, 2020-03-16, Jamaica
MT263390, 2020-03-24, USA
MT451184, 2020-03-23, Australia
MT439242, 2020-03-14, USA
MT450938, 2020-03-09, Australia
MT451008, 2020-03-16, Australia
MT461621, 2020-03-31, USA
MT506654, 2020-03-19, USA
MT252729, 2020-03-13, USA
MT474137, 2020-04-08, USA
MT470219, 2020-04-02, Colombia
MT325585, 2020-03-06, USA
MT511066, 2020-04-01, Poland
MT439316, 2020-03-27, USA
MT459911, 2020-03-14, Greece
MT380733, 2020-03-28, USA
MT450894, 2020-04, USA
MT439303, 2020-03-26, USA
MT459896, 2020-03-29, Greece
MT371571, 2020-03-18, Czech Republic
MT451209, 2020-03-24, Australia
MT499197, 2020-03-21, USA
MT509509, 2020-04-11, India
MT482148, 2020-04, USA
MT451074, 2020-03-18, Australia
MT477851, 2020-04-04, USA
MT509503, 2020-05-09, India
MT252726, 2020-03-12, USA
MT293171, 2020-03-17, USA
MT358713, 2020-03-27, USA
MT510727, 2020-02-15, China
MT412259, 2020-04-05, USA
MT439307, 2020-03-27, USA
MT252738, 2020-03-15, USA
MT370917, 2020-03-19, USA
MT252679, 2020-03-10, USA
MT451711, 2020-04-03, Australia
MT451240, 2020-03-20, Australia
MT459988, 2020-03-27, USA
MT370925, 2020-03-20, USA
MT517429, 2020-03-27, Czech Republic
MT345835, 2020-03-25, USA
MT467251, 2020-04-29, India
MT345817, 2020-03-24, USA
MT451704, 2020-04-02, Australia
MT358637, 2020-04-05, India
MT467254, 2020-04-29, India
MT528611, 2020-04, USA
MT451590, 2020-04-04, Australia
MT451098, 2020-03-19, Australia
MT439254, 2020-03-18, USA
MT457392, 2020-04-29, Netherlands
MT470106, 2020-03, France
MT451166, 2020-03-22, Australia
MT259247, 2020-03-16, USA
MT506906, 2020-04-01, USA
MT370993, 2020-03-19, USA
MT506894, 2020-04-17, USA
MT451586, 2020-04-04, Australia
MT371573, 2020-03-17, Czech Republic
MT326113, 2020-03-20, USA
MT451241, 2020-03-20, Australia
MT123291, 2020-01-29, China
MT451190, 2020-03-23, Australia
MT451058, 2020-03-17, Australia
MT358734, 2020-03-29, USA
MT334533, 2020-03-13, USA
MT534306, 2020-05-12, USA
MT447159, 2020-01-26, Thailand
MT412226, 2020-04-01, USA
MT325594, 2020-03-06, USA
MT276324, 2020-02-26, USA
MT461617, 2020-04-01, USA
MT370860, 2020-03-18, USA
MT477857, 2020-04-07, USA
MT481899, 2020-05-05, India
MT470178, 2020-03, France
MT461662, 2020-04-02, USA
MT259251, 2020-03-14, USA
MT459872, 2020-03-12, Greece
MT293204, 2020-03-18, USA
MT345806, 2020-03-25, USA
MT262913, 2020-03-13, USA
MT326159, 2020-03-21, USA
MT371050, 2020-03-31, Sri Lanka
MT450954, 2020-03-11, Australia
MT252699, 2020-03-13, USA
MT512427, 2020-03-07, USA
MT457394, 2020-04-29, Netherlands
MT459842, 2020-03-23, Greece
MT438744, 2020-04-22, USA
MT438754, 2020-04-22, USA
MT252783, 2020-03-11, USA
MT459902, 2020-03-10, Greece
MT259278, 2020-03-15, USA
MT459863, 2020-03-09, Greece
MT535490, 2020-04-07, USA
MT512426, 2020-03-08, USA
MT350249, 2020-03, USA
MT263439, 2020-03-24, USA
MT246480, 2020-03-13, USA
MT263467, 2020-03-16, USA
MT375458, 2020-04-06, USA
MT512423, 2020-03-23, USA
MT370876, 2020-03-17, USA
MT358681, 2020-03-26, USA
MT326124, 2020-03-20, USA
MT371038, 2020-03-19, USA
MT326127, 2020-03-20, USA
MT412252, 2020-03-11, USA
MT370875, 2020-03-18, USA
MT528626, 2020-04, USA
MT114412, 2020-01-23, Hong Kong
MT451283, 2020-03-24, Australia
MT450907, 2020-04, USA
MT259271, 2020-03-15, USA
MT446354, 2020-04-08, USA
MT371002, 2020-03-22, USA
MT345803, 2020-03-21, USA
MT345865, 2020-03-25, USA
MT252795, 2020-03-10, USA
MT511068, 2020-03-31, Poland
MT470104, 2020-03, France
MT326190, 2020-03-18, USA
MT233522, 2020-03-02, Spain
MT322411, 2020-03, USA
MT322407, 2020-03, USA
MT370962, 2020-03-21, USA
MT334526, 2020-03-07, USA
MT263435, 2020-03-24, USA
MT438729, 2020-04-22, USA
MT385476, 2020-03-23, USA
MT536190, 2020-04-06, USA
MT451578, 2020-04-03, Australia
MT412281, 2020-04-07, USA
MT370994, 2020-03-20, USA
MT327745, 2020-03-17, Turkey
MT534314, 2020-04-14, USA
MT509488, 2020-03-16, USA
MT233519, 2020-02-27, Spain
MT415902, 2020-03, USA
MT385423, 2020-03-28, USA
MT459985, 2020-03-26, Guam
MT470160, 2020-03, France
MT252716, 2020-03-14, USA
MT470129, 2020-03, France
MT322405, 2020-03, USA
MT461627, 2020-03-31, USA
MT496987, 2020-05-04, India
MT326092, 2020-03-22, USA
MT528605, 2020-04, USA
MT252748, 2020-03-11, USA
MT370516, 2020-02-26, Taiwan
MT509674, 2020-03-15, USA
MT293198, 2020-03-19, USA
MT451476, 2020-03-27, Australia
MT253700, 2020-01-25, China
MT370872, 2020-03-17, USA
MT233523, 2020-03-04, Spain
MT460090, 2020-05-01, USA
MT184912, 2020-02-17, USA
MT438752, 2020-04-22, USA
MT451269, 2020-03-23, Australia
MT152824, 2020-02-24, USA
MT457398, 2020-04-25, Netherlands
MT412291, 2020-04-01, USA
MT450884, 2020-03, USA
MT535508, 2020-04-06, USA
MT450977, 2020-03-13, Australia
MT439293, 2020-03-24, USA
MT263415, 2020-03-13, USA
MT325615, 2020-03-07, USA
MT326087, 2020-03-23, USA
MT358666, 2020-03-31, USA
MT512447, 2020-03-17, USA
MT304491, 2020-03-01, USA
MT438759, 2020-04-22, USA
MT326058, 2020-03-24, USA
MT375441, 2020-03-26, USA
MT246451, 2020-03-13, USA
MT326099, 2020-03-22, USA
MT326129, 2020-03-20, USA
MT263425, 2020-03-24, USA
MT079844, 2020-01-22, China
MT345812, 2020-03-25, USA
MT291828, 2019-12-30, China
MT258380, 2020-03-18, USA
MT470120, 2020-03, France
MT358720, 2020-03-27, USA
MT344958, 2020-03-07, USA
MT304485, 2020-03-02, USA
MT528620, 2020-04, USA
MT419835, 2020-03-05, USA
MT451257, 2020-03-22, Australia
MT451171, 2020-03-22, Australia
MT512440, 2020-03-10, USA
MT506690, 2020-03-26, USA
MT459915, 2020-03-10, Greece
MT467248, 2020-04-29, India
MT246450, 2020-03-13, USA
MT159713, 2020-02-18, USA
MT459910, 2020-03-11, Greece
MT412334, 2020-04-03, USA
MT509461, 2020-03-22, USA
MT509500, 2020-05-03, India
MT263433, 2020-03-13, USA
MT439247, 2020-03-16, USA
MT252698, 2020-03-13, USA
MT461612, 2020-03-28, USA
MT451159, 2020-03-21, Australia
MT246466, 2020-03-13, USA
MT467237, 2020-04-26, India
MT470113, 2020-03, France
MT470149, 2020-03, France
MT159708, 2020-02-17, USA
MT461619, 2020-04-01, USA
MT380732, 2020-03-22, USA
MT450949, 2020-03-10, Australia
MT470179, 2020-03, France
MT412256, 2020-04-01, USA
MT325629, 2020-03-05, USA
MT477860, 2020-04-09, USA
MT434815, 2020-03-09, USA
MT451233, 2020-03-20, Australia
MT434792, 2020-03-17, USA
MT450886, 2020-04, USA
MT532436, 2020-04-21, USA
MT334523, 2020-03-05, USA
MT291834, 2020-01-28, China
MT419842, 2020-03-04, USA
MT451126, 2020-03-20, Australia
MT459856, 2020-03-12, Greece
MT451044, 2020-03-16, Australia
MT308702, 2020-04, USA
MT470164, 2020-03, France
MT375448, 2020-03-27, USA
MT483554, 2020-05-05, India
MT358654, 2020-03-31, USA
MT482111, 2020-04, USA
MT345888, 2020-03-29, USA
MT472624, 2020-03-06, USA
MT345830, 2020-03-25, USA
MT467257, 2020-04-30, India
MT371569, 2020-03-19, Czech Republic
MT345860, 2020-03-25, USA
MT358680, 2020-03-26, USA
MT482147, 2020-04, USA
MT450962, 2020-03-12, Australia
MT451877, 2020-04-26, India
MT451143, 2020-03-21, Australia
MT326173, 2020, USA
MT429187, 2020-04-08, USA
MT496976, 2020-05-03, India
MT499191, 2020-03-24, USA
MT345856, 2020-03-25, USA
MT375434, 2020-03-31, USA
MT304489, 2020-02-29, USA
MT461643, 2020-04-05, USA
MT496980, 2020-05-03, India
MT496992, 2020-05-03, India
MT370853, 2020-03-17, USA
MT450956, 2020-03-11, Australia
MT339039, 2020-03-17, USA
MT358672, 2020-03-30, USA
MT435083, 2020-04-07, India
MT358717, 2020-03-27, USA
MT252686, 2020-03-10, USA
MT345814, 2020-03-24, USA
MT499209, 2020-04-11, Poland
MT326118, 2020-03-21, USA
MT263437, 2020-03-14, USA
MT506205, 2020-03-14, USA
MT326030, 2020-03-24, USA
MT435081, 2020-04-13, India
MT325590, 2020-03-07, USA
MT358669, 2020-03-29, USA
MT325597, 2020-03-09, USA
MT461666, 2020-04-02, USA
MT528602, 2020-04, USA
MT470152, 2020-03, France
MT412331, 2020-04-03, USA
MT459895, 2020-03-22, Greece
MT358746, 2020-03-31, USA
MT370899, 2020-03-17, USA
MT470115, 2020-03, France
MT345882, 2020-03-31, USA
MT509460, 2020-03-19, USA
MT345880, 2020-03-28, USA
MT460124, 2020-04-28, USA
MT263400, 2020-03-23, USA
MT460117, 2020-04-26, USA
MT344963, 2020-03-08, USA
MT326119, 2020-03-20, USA
MT451411, 2020-03-25, Australia
MT451478, 2020-03-29, Australia
MT326074, 2020-03-20, USA
MT522853, 2020-04, USA
MT253697, 2020-01-23, China
MT188340, 2020-03-07, USA
MT481896, 2020-05-03, India
MT439300, 2020-03-26, USA
MT446356, 2020-04-03, USA
MT385448, 2020-03-23, USA
MT293191, 2020-03-17, USA
MT506892, 2020-04-14, USA
MT293208, 2020-03-19, USA
MT385453, 2020-03-28, USA
MT385454, 2020-03-28, USA
MT528618, 2020-04, USA
MT451227, 2020-03-20, Australia
MT325599, 2020-03-05, USA
MT535499, 2020-04-07, USA
MT450997, 2020-03-15, Australia
MT451020, 2020-03-18, Australia
MT412227, 2020-04-02, USA
MT370985, 2020-03-20, USA
MT246487, 2020-03-15, USA
MT517426, 2020-04-27, Czech Republic
MT370857, 2020-03-14, USA
MT438756, 2020-04-22, USA
MT435084, 2020-04-14, India
MT450980, 2020-03-13, Australia
MT481895, 2020-05-03, India
MT470157, 2020-03, France
MT450944, 2020-03-10, Australia
MT450989, 2020-03-14, Australia
MT438750, 2020-04-22, USA
MT345871, 2020-03-27, USA
MT370854, 2020-03-14, USA
MT375440, 2020-03-31, USA
MT375452, 2020-03-28, USA
MT345875, 2020-03-28, USA
MT246667, 2020-01-19, USA
MT385425, 2020-03-25, USA
MT470158, 2020-03, France
MT506650, 2020-03-17, USA
MT459906, 2020-03-18, Greece
MT322395, 2020-03, USA
MT251972, 2020-03-14, USA
MT358715, 2020-03-27, USA
MT499193, 2020-03-24, USA
MT198652, 2020-03-05, Spain
MT450874, 2020-04, USA
MT499187, 2020-03-25, USA
MT517433, 2020-03-28, Czech Republic
MT438719, 2020-04-22, USA
MT325633, 2020-03-04, USA
MT509467, 2020-03-22, USA
MT451157, 2020-03-21, Australia
MT535481, 2020-03-30, USA
MT459907, 2020-03-10, Greece
MT451161, 2020-03-22, Australia
MT412178, 2020-03-20, USA
MT263402, 2020-03-23, USA
MT450948, 2020-03-10, Australia
MT419837, 2020-03-05, USA
MT412318, 2020-04-01, USA
MT252741, 2020-03-12, USA
MT419814, 2020-03-23, Puerto Rico
MT365032, 2020-01-30, Hong Kong
MT459882, 2020-03-15, Greece
MT451366, 2020-03-23, Australia
MT345827, 2020-03-25, USA
MT370931, 2020-03-21, USA
MT252696, 2020-03-13, USA
MT252705, 2020-03-13, USA
MT370902, 2020-03-17, USA
MT536176, 2020-04-06, USA
MT474126, 2020-03-28, USA
MT499184, 2020-03-27, USA
MT326162, 2020-03-21, USA
MT451018, 2020-03-18, Australia
MT477862, 2020-04-26, USA
MT451751, 2020-04-07, Australia
MT509495, 2020-05-10, India
MT396241, 2020-03-06, China
MT184908, 2020-02-21, USA
MT252728, 2020-03-13, USA
MT350246, 2020-04, USA
MT509472, 2020-03-11, USA
MT412248, 2020-03-12, USA
MT509499, 2020-05-07, India
MT252680, 2020-03-10, USA
MT450877, 2020-04, USA
MT536186, 2020-04-06, USA
MT470119, 2020-03, France
MT534334, 2020-04-12, USA
MT459877, 2020-03-14, Greece
MT499210, 2020-04-11, Poland
MT370896, 2020-03-18, USA
MT418891, 2020-04, USA
MT419847, 2020-03-03, USA
MT434783, 2020-03-09, USA
MT263457, 2020-03-15, USA
MT451061, 2020-03-17, Australia
MT434802, 2020-03-13, USA
MT450909, 2020-04, USA
MT477849, 2020-03-29, USA
MT371015, 2020-03-20, USA
MT326148, 2020-03-21, USA
MT253701, 2020-01-21, China
MT325561, 2020-03-09, USA
MT412230, 2020-04-01, USA
MT434784, 2020-03-09, USA
MT412290, 2020-04-01, USA
MT470170, 2020-03, France
MT481900, 2020-04-28, India
MT482138, 2020-04, USA
MT358650, 2020-03-31, USA
MT467246, 2020-04-29, India
MT385468, 2020-04-08, USA
MT446352, 2020-04-06, USA
MT517430, 2020-03-27, Czech Republic
MT477844, 2020-03-24, USA
MT461637, 2020-04-02, USA
MT509656, 2020-05-03, India
MT326078, 2020-03-24, USA
MT446343, 2020-04-04, USA
MT326029, 2020-03-24, USA
MT259282, 2020-03-15, USA
MT434796, 2020-03-09, USA
MT270108, 2020-01, Germany
MT451124, 2020-03-20, Australia
MT345861, 2020-03-25, USA
MT528613, 2020-04, USA
MT262897, 2020-03-13, USA
MT259241, 2020-03-16, USA
MT461614, 2020-04-01, USA
MT345821, 2020-03-25, USA
MT259254, 2020-03-16, USA
MT385478, 2020-04-08, USA
MT506895, 2020-04-14, USA
MT412316, 2020-04-02, USA
MT536189, 2020-04-07, USA
MT358729, 2020-03-31, USA
MT325581, 2020-03-09, USA
MT246486, 2020-03-14, USA
MT334547, 2020-03-19, USA
MT459912, 2020-03-11, Greece
MT506707, 2020-03-31, USA
MT450889, 2020-04, USA
MT412262, 2020-04-05, USA
MT451255, 2020-03-22, Australia
MT451185, 2020-03-23, Australia
MT477852, 2020-03-25, USA
MT496975, 2020-04-29, India
MT325640, 2020-03-06, USA
MT477885, 2020-03-25, India
MT459835, 2020-03-23, Greece
MT528610, 2020-04, USA
MT020880, 2020-01-25, USA
MT135041, 2020-01-26, China
MT470103, 2020-03, France
MT499185, 2020-03-26, USA
MT252788, 2020-03-09, USA
MT345852, 2020-03-25, USA
MT350252, 2020-03, USA
MT263426, 2020-03-16, USA
MT450904, 2020-04, USA
MT418888, 2020-04, USA
MT263458, 2020-03-15, USA
MT506544, 2020-03-25, USA
MT259250, 2020-03-14, USA
MT507272, 2020-03-11, Jamaica
MT506642, 2020-03-15, USA
MT293212, 2020-03-19, USA
MT246454, 2020-03-12, USA
MT350270, 2020-03-19, USA
MT339040, 2020-03-16, USA
MT394529, 2020-03-24, USA
MT481929, 2020-04-01, USA
MT461635, 2020-04-02, USA
MT304487, 2020-03-01, USA
MT293173, 2020-03-30, USA
MT371032, 2020-03-19, USA
MT506534, 2020-03-14, USA
MT447176, 2020-03-20, Thailand
MT450893, 2020-04, USA
MT263463, 2020-03-16, USA
MT326184, 2020-03-17, USA
MT451878, 2020-04-27, India
MT262902, 2020-03-13, USA
MT460115, 2020-04-27, USA
MT509505, 2020-04-11, India
MT532438, 2020-04-17, USA
MT460091, 2020-05-01, USA
MT345885, 2020-03-30, USA
MT459885, 2020-03-17, Greece
MT412278, 2020-04-06, USA
MT461668, 2020-04-02, USA
MT385446, 2020-03-23, USA
MT263447, 2020-03-14, USA
MT509471, 2020-03-17, USA
MT511080, 2020-03-29, Poland
MT451158, 2020-03-21, Australia
MT482139, 2020-04, USA
MT304483, 2020-03-01, USA
MT385469, 2020-03-25, USA
MT270113, 2020-02, Germany
MT334531, 2020-03-12, USA
MT358718, 2020-03-27, USA
MT451614, 2020-04-05, Australia
MT358659, 2020-03-31, USA
MT511072, 2020-04-03, Poland
MT451232, 2020-03-20, Australia
MT385417, 2020-04-08, USA
MT534338, 2020-04-27, USA
MT325571, 2020-03, USA
MT450881, 2020-04, USA
MT509465, 2020-03-15, USA
MT446359, 2020-04-05, USA
MT509452, 2020-03-21, USA
MT325568, 2020-03-06, USA
MT345832, 2020-03-25, USA
MT474132, 2020-04-05, USA
MT325583, 2020-03-06, USA
MT451748, 2020-04-07, Australia
MT536185, 2020-04-08, USA
MT252811, 2020-03-08, USA
MT533228, 2020-04-29, USA
MT470155, 2020-03, France
MT511076, 2020-04-07, Poland
MT370864, 2020-03-18, USA
MT438757, 2020-04-22, USA
MT470130, 2020-03, France
MT350263, 2020-03-19, USA
MT450880, 2020-04, USA
MT334540, 2020-03-14, USA
MT499181, 2020-03-25, USA
MT412228, 2020-04-02, USA
MT412304, 2020-03-27, USA
MT293168, 2020-03-17, USA
MT291833, 2020-01-28, China
MT370920, 2020-03-18, USA
MT123292, 2020-01-27, China
MT470144, 2020-03, France
MT044258, 2020-01-27, USA
MT451466, 2020-03-27, Australia
MT496974, 2020-04-29, India
MT358653, 2020-03-31, USA
MT375480, 2020-04-02, USA
MT506581, 2020-04-06, USA
MT344961, 2020-03-07, USA
MT345862, 2020-03-25, USA
MT439239, 2020-03-12, USA
MT450963, 2020-03-12, Australia
MT460128, 2020-04-30, USA
MT438753, 2020-04-22, USA
MT326069, 2020-03-24, USA
MT451036, 2020-03-21, Australia
MT472621, 2020-03-08, USA
MT451119, 2020-03-20, Australia
MT412273, 2020-04-07, USA
MT350244, 2020-03, USA
MT293180, 2020-03-17, USA
MT358697, 2020-03-26, USA
MT293210, 2020-03-19, USA
MT467260, 2020-05-02, India
MT461604, 2020-03-29, USA
MT451415, 2020-03-27, Australia
MT470153, 2020-03, France
MT358663, 2020-03-31, USA
MT536974, 2020-04-17, USA
MT470105, 2020-03, France
MT344952, 2020-03-09, USA
MT459891, 2020-03-17, Greece
MT509683, 2020-03-24, USA
MT506539, 2020-03-20, USA
MT412314, 2020-04-01, USA
MT533215, 2020-04-26, USA
MT007544, 2020-01-25, Australia
MT259246, 2020-03-13, USA
MT461641, 2020-04-03, USA
MT533221, 2020-04-30, USA
MT345859, 2020-03-25, USA
MT482125, 2020-04, USA
MT066175, 2020-01-31, Taiwan
MT451272, 2020-03-23, Australia
MT079851, 2020-01-22, China
MT358645, 2020-03-31, USA
MT276330, 2020-02-28, USA
MT412254, 2020-04-02, USA
MT459862, 2020-03-19, Greece
MT457397, 2020-04-29, Netherlands
MT375466, 2020-04-07, USA
MT482118, 2020-04, USA
MN996527, 2019-12-30, China
MT481928, 2020-03-25, USA
MT304480, 2020-03-03, USA
MT370909, 2020-03-17, USA
MT482137, 2020-04, USA
MT506541, 2020-03-19, USA
MT253699, 2020-01-24, China
MT511077, 2020-03-29, Poland
MT470128, 2020-03, France
MT259253, 2020-03-16, USA
MT451104, 2020-03-19, Australia
MT450998, 2020-03-15, Australia
MT506533, 2020-03-14, USA
MT358742, 2020-03-29, USA
MT527184, 2020-03-23, Italy
MT292575, 2020-03-10, Spain
MT350271, 2020-03-20, USA
MT450972, 2020-03-12, Australia
MT374101, 2020-02-04, Taiwan
MT451215, 2020-03-24, Australia
MT370972, 2020-03-20, USA
MT470138, 2020-03, France
MT536177, 2020-04-07, USA
MT263454, 2020-03, USA
MT184907, 2020-02-18, USA
MT451674, 2020-03-31, Australia
MT460140, 2020-04-29, USA
MT434808, 2020-03-19, USA
MT276328, 2020-02-27, USA
MT536179, 2020-04-07, USA
MT326133, 2020-03-20, USA
MT459875, 2020-03-13, Greece
MT252784, 2020-03-11, USA
MT370948, 2020-03-20, USA
MT506885, 2020-03-16, USA
MT517421, 2020-03-27, Czech Republic
MT451885, 2020-04-26, India
MT434795, 2020-03-09, USA
MT358744, 2020-04-01, USA
MT350280, 2020-03-19, USA
MT259273, 2020-03-15, USA
MT263446, 2020-03-24, USA
MT434787, 2020-03-09, USA
MT326096, 2020-03-22, USA
MT326180, 2020-03-19, USA
MT370961, 2020-03-20, USA
MT470165, 2020-03, France
MT326111, 2020-03-22, USA
MT499188, 2020-03-25, USA
MT412321, 2020-04-02, USA
MT450932, 2020-03-07, Australia
MT429191, 2020-04-06, USA
MT370937, 2020-03-20, USA
MT358711, 2020-03-27, USA
MT412312, 2020-04-01, USA
MT252801, 2020-03-05, USA
MT358675, 2020-03-26, USA
MT451754, 2020-04-07, Australia
MT344951, 2020-03-08, USA
MT293177, 2020-03-16, USA
MT450999, 2020-03-15, Australia
MT370927, 2020-03-21, USA
MT510726, 2020-03-20, USA
MT506899, 2020-04-18, USA
MT385485, 2020-04-08, USA
MT533218, 2020-04-27, USA
MT372480, 2020-03-18, Malaysia
MT422807, 2020-03-27, USA
MT371018, 2020-03-20, USA
MT512419, 2020-03-09, USA
MT496993, 2020-04-29, India
MT451883, 2020-04-26, India
MT326068, 2020-03-24, USA
MT246458, 2020-03-12, USA
MT451889, 2020-04-26, India
MT447174, 2020-03-01, Thailand
MT439253, 2020-03-17, USA
MT370935, 2020-03-20, USA
MT252787, 2020-03-09, USA
MT428554, 2020-03-20, Kazakhstan
MT450960, 2020-03-11, Australia
MT419839, 2020-03-05, USA
MT438742, 2020-04-22, USA
MT412233, 2020-03-13, USA
MT186683, 2020-01, Hong Kong
MT470173, 2020-03, France
MT467258, 2020-04-29, India
MT334529, 2020-03-10, USA
MT325635, 2020-03-06, USA
MT419812, 2020-03-23, Puerto Rico
MT370844, 2020-03-18, USA
MT412313, 2020-04-01, USA
MT039888, 2020-01-29, USA
MT459917, 2020-03-10, Greece
MT259244, 2020-03-16, USA
MT325566, 2020-03-05, USA
MT506907, 2020-04-14, USA
MT121215, 2020-02-02, China
MT459849, 2020-03-09, Greece
MT350282, 2020-03-18, Brazil
MT451608, 2020-04-05, Australia
MT358677, 2020-03-26, USA
MT252736, 2020-03-14, USA
MT412307, 2020-03-29, USA
MT375447, 2020-03-25, USA
MT412298, 2020-03-31, USA
MT451680, 2020-03-31, Australia
MT499199, 2020-03-21, USA
MT507018, 2020-04-17, USA
MT439267, 2020-03-23, USA
MT326187, 2020-03-18, USA
MT522852, 2020-04, USA
MT444619, 2020-04-14, USA
MT451434, 2020-03-29, Australia
MT477837, 2020-03-17, USA
MT461629, 2020-03-31, USA
MT429190, 2020-04-06, USA
MT461653, 2020-04-05, USA
MT263450, 2020-03-24, USA
MT496997, 2020-04-29, India
MT459924, 2020-04-01, Greece
MT412323, 2020-04-02, USA
MT439250, 2020-03-17, USA
MT450912, 2020-04, USA
MT159709, 2020-02-20, USA
MT259260, 2020-03-16, USA
MT246471, 2020-03-14, USA
MT326027, 2020-03-24, USA
MT438737, 2020-04-22, USA
MT451225, 2020-03-19, Australia
MT159710, 2020-02-17, USA
MT345850, 2020-03-24, USA
MT259287, 2020-03-15, USA
MT325577, 2020-03-07, USA
MT325616, 2020-03-06, USA
MT459990, 2020-03-26, USA
MT534328, 2020-05-12, USA
MT459914, 2020-03-09, Greece
MT253702, 2020-01-21, China
MT325623, 2020-03-05, USA
MT066156, 2020-01-30, Italy
MT451136, 2020-03-21, Australia
MT252805, 2020-03-08, USA
MT320538, 2020-03, France
MT412236, 2020-03-12, USA
MT451191, 2020-03-23, Australia
MT358661, 2020-03-31, USA
MT371012, 2020-03-19, USA
MT449637, 2020-03-31, USA
MT322417, 2020-03, USA
MT509463, 2020-03-07, USA
MT451238, 2020-03-20, Australia
MT246453, 2020-03-13, USA
MT259268, 2020-03-13, USA
MT451653, 2020-03-27, Australia
MT293195, 2020-03-28, USA
MT533236, 2020-04-01, USA
MT459840, 2020-03-23, Greece
MT326149, 2020-03-21, USA
MT457401, 2020-05-06, Netherlands
MT470102, 2020-03, France
MT385473, 2020-03-28, USA
MT263416, 2020-03-16, USA
MT467253, 2020-04-29, India
MT499204, 2020-04-03, USA
MT470145, 2020-03, France
MT470111, 2020-03, France
MT322415, 2020-03, USA
MT477903, 2020-04-07, USA
MT536956, 2020-04-13, USA
MT345879, 2020-03-28, USA
MT326065, 2020-03-24, USA
MT350256, 2020-04, USA
MT079850, 2020-01-22, China
MT263383, 2020-03-24, USA
MT451006, 2020-03-16, Australia
MT451710, 2020-04-03, Australia
MT470117, 2020-03, France
MT509464, 2020-03-14, USA
MT325638, 2020-03-06, USA
MT451138, 2020-03-21, Australia
MT459913, 2020-03-11, Greece
MT461645, 2020-04-04, USA
MT439237, 2020-03-12, USA
MT451026, 2020-03-19, Australia
MT418886, 2020-04, USA
MT415907, 2020-04, USA
MT246479, 2020-03-13, USA
MT251977, 2020-03-14, USA
MT451265, 2020-03-22, Australia
MT163717, 2020-02-28, USA
MT459892, 2020-03-18, Greece
MT412271, 2020-04-06, USA
MT326024, 2020-03-24, USA
MT374114, 2020-03-18, Taiwan
MT451021, 2020-03-18, Australia
MT358712, 2020-03-27, USA
MT252715, 2020-03-14, USA
MT326083, 2020-03-22, USA
MT350241, 2020-03, USA
MT511075, 2020-04-02, Poland
MT461625, 2020-03-30, USA
MT371033, 2020-03-21, USA
MT517436, 2020-04-19, Taiwan
MT507796, 2020-04-01, USA
MT459841, 2020-03-29, Greece
MT450890, 2020-04, USA
MT470140, 2020-03, France
MT451108, 2020-03-19, Australia
MT451140, 2020-03-21, Australia
MT263403, 2020-03-16, USA
MT358725, 2020-03-27, USA
MT512442, 2020-03-10, USA
MT326160, 2020-03-21, USA
MT506888, 2020-04-15, USA
MT293216, 2020-03-19, USA
MT434788, 2020-03-09, USA
MT263412, 2020-03-16, USA
MT459838, 2020-03-28, Greece
MT293211, 2020-03-19, USA
MT293170, 2020-03-18, USA
MT263423, 2020-03-23, USA
MT534333, 2020-05-12, USA
MT459979, 2020-04-04, Serbia
MT344956, 2020-03-07, USA
MT371001, 2020-03-19, USA
MT451062, 2020-03-18, Australia
MT358662, 2020-03-31, USA
MT252694, 2020-03-10, USA
MT418883, 2020-04, USA
MT459873, 2020-03-13, Greece
MT451736, 2020-04-06, Australia
MT326084, 2020-03-22, USA
MT534318, 2020-04-12, USA
MT506701, 2020-04-22, USA
MT350278, 2020-03-19, USA
MT467255, 2020-04-30, India
MT371023, 2020-03-21, USA
MT293184, 2020-03-18, USA
MT385456, 2020-03-28, USA
MT370834, 2020-03-18, USA
MT370837, 2020-03-18, USA
MT534313, 2020-04-14, USA
MT459870, 2020-03-12, Greece
MT371568, 2020-03-22, Czech Republic
MT460138, 2020-04-30, USA
MT252721, 2020-03-13, USA
MT449665, 2020-04-21, USA
MT451464, 2020-03-27, Australia
MT496979, 2020-05-05, India
MT325567, 2020-03-05, USA
MT385420, 2020-03-28, USA
MT252740, 2020-03-14, USA
MT509491, 2020-03-26, USA
MT506221, 2020-03-25, USA
MT451470, 2020-03-27, Australia
MT345876, 2020-03-28, USA
MT407657, 2020-03-24, China
MT263432, 2020-03-24, USA
MT263394, 2020-03-14, USA
MT252704, 2020-03-13, USA
MT512434, 2020-03-10, USA
MT451156, 2020-03-21, Australia
MT509685, 2020-03-25, USA
MT322408, 2020-03, USA
MT304482, 2020-03-01, USA
MT270101, 2020-01-28, Germany
MT385435, 2020-04-08, USA
MT434817, 2020-03-19, USA
MT451890, 2020-04-26, India
MT385452, 2020-04-03, USA
MT506902, 2020-04-17, USA
MT509649, 2020-05-02, India
MT451152, 2020-03-21, Australia
MT499200, 2020-03-20, USA
MT370933, 2020-03-20, USA
MT451188, 2020-03-23, Australia
MT326153, 2020-03-21, USA
MT509512, 2020-05-01, India
MT358709, 2020-03-26, USA
MT434811, 2020-03-17, USA
MT528630, 2020-04, USA
MT512417, 2020-03-05, USA
MT326086, 2020-03-19, USA
MT451048, 2020-03-17, Australia
MT451202, 2020-03-23, Australia
MT370885, 2020-03-18, USA
MT439318, 2020-03-27, USA
MT451592, 2020-04-04, Australia
MT325592, 2020-03-05, USA
MT506896, 2020-04-14, USA
MT358726, 2020-03-27, USA
MT477845, 2020-03-23, USA
MT438738, 2020-04-22, USA
MT325639, 2020-03-07, USA
MT496989, 2020-05-03, India
MT470109, 2020-03, France
MT253698, 2020-01-23, China
MT385465, 2020-03-28, USA
MT293174, 2020-03-27, USA
MT451153, 2020-03-21, Australia
MT325600, 2020-03-05, USA
MT459916, 2020-03-10, Greece
MT477846, 2020-04-07, USA
MT246481, 2020-03-13, USA
MT270103, 2020-01-28, Germany
MT276325, 2020-02-27, USA
MT325609, 2020-03-05, USA
MT258378, 2020-03-18, USA
MT370976, 2020-03-20, USA
MT474136, 2020-03-30, USA
MT350273, 2020-03-19, USA
MT528617, 2020-04, USA
MT370849, 2020-03-17, USA
MT380729, 2020-03-31, USA
MT012098, 2020-01-27, India
MN994467, 2020-01-23, USA
MT510721, 2020-03-14, USA
MT371016, 2020-03-22, USA
MT325617, 2020-03-08, USA
MT412306, 2020-03-29, USA
MT451132, 2020-03-21, Australia
MT451155, 2020-03-21, Australia
MT472626, 2020-03-07, USA
MT459832, 2020-03-24, Greece
MT499189, 2020-03-25, USA
MT412288, 2020-04-07, USA
MT358673, 2020-03-30, USA
MT276323, 2020-02-28, USA
MT325625, 2020-03-07, USA
MT263384, 2020-03-23, USA
MT344953, 2020-03-04, USA
MT263424, 2020-03-24, USA
MT451208, 2020-03-24, Australia
MT345822, 2020-03-25, USA
MT358638, 2020-02, Germany
MT375455, 2020-03-28, USA
MT375481, 2020-04-02, USA
MT375469, 2020-04-07, USA
MT439283, 2020-03-24, USA
MT451230, 2020-03-20, Australia
MN996530, 2019-12-30, China
MT451148, 2020-03-21, Australia
MT470135, 2020-03, France
MT451245, 2020-03-21, Australia
MT326071, 2020-03-22, USA
MT263413, 2020-03-16, USA
MT358695, 2020-03-26, USA
MT259258, 2020-03-13, USA
MT325562, 2020-03-09, USA
MT385414, 2020-03-28, USA
MT499180, 2020-03-25, USA
MT450941, 2020-03-10, Australia
MT412322, 2020-04-01, USA
MT451186, 2020-03-23, Australia
MT517423, 2020-03-28, Czech Republic
MT470151, 2020-03, France
MT451694, 2020-04-01, Australia
MT345834, 2020-03-26, USA
MT325610, 2020-03-07, USA
MT483560, 2020-05-05, India
MT370947, 2020-03-21, USA
MT252764, 2020-03-12, USA
MT370859, 2020-03-17, USA
MT451133, 2020-03-21, Australia
MT215195, 2020-02-25, Hong Kong
MT079846, 2020-01-22, China
MT370979, 2020-03-21, USA
MT451253, 2020-03-22, Australia
MT451009, 2020-03-16, Australia
MT325587, 2020-03-04, USA
MT451004, 2020-03-16, Australia
MT533217, 2020-04-27, USA
MT252809, 2020-03-09, USA
MT385434, 2020-03-28, USA
MT370944, 2020-03-19, USA
MT451716, 2020-04-03, Australia
MT438739, 2020-04-22, USA
MT252773, 2020-03-11, USA
MT293156, 2020-03-30, USA
MT027064, 2020-01-29, USA
MT450955, 2020-03-11, Australia
MT451175, 2020-03-22, Australia
MT451189, 2020-03-23, Australia
MT246459, 2020-03-12, USA
MT325593, 2020-03-07, USA
MT375476, 2020-04-02, USA
MT451718, 2020-04-03, Australia
MT371009, 2020-03-21, USA
MT457390, 2020-04-29, Netherlands
MT418889, 2020-04, USA
MT385459, 2020-03-25, USA
MT370987, 2020-03-18, USA
MT451035, 2020-03-20, Australia
MT528614, 2020-04, USA
MT345886, 2020-03-27, USA
MT374103, 2020-03-09, Taiwan
MT345849, 2020-03-24, USA
MT358732, 2020-03-29, USA
MT450969, 2020-03-12, Australia
MT365030, 2020-01-31, Hong Kong
MT447162, 2020-02-07, Thailand
MT517422, 2020-03-26, Czech Republic
MT412336, 2020-04-03, USA
MT291826, 2019-12-30, China
MT506697, 2020-04-22, USA
MT451436, 2020-03-26, Australia
MT370889, 2020-03-13, USA
MT358683, 2020-03-25, USA
MT434800, 2020-03-09, USA
MT371047, 2020-03-16, Sri Lanka
MT252804, 2020-03-08, USA
MT270104, 2020-01, Germany
MT350257, 2020-04, USA
MT370997, 2020-03-19, USA
MT358665, 2020-03-31, USA
MT481905, 2020-05-02, India
MT049951, 2020-01-17, China
MT459900, 2020-03-08, Greece
MT496983, 2020-05-05, India
MT374104, 2020-03-10, Taiwan
MT326112, 2020-03-20, USA
MT375468, 2020-04-07, USA
MT350277, 2020-03-19, USA
MT375457, 2020-04-06, USA
MT451129, 2020-03-21, Australia
MT459843, 2020-03-23, Greece
MT461634, 2020-04-03, USA
MT452575, 2020-03-13, USA
MT252775, 2020-03-11, USA
MT345848, 2020-03-24, USA
MT451887, 2020-04-26, India
MT370836, 2020-03-18, USA
MT451569, 2020-03-24, Australia
MT512439, 2020-03-09, USA
MT270114, 2020-02, Germany
MT370883, 2020-03-18, USA
MT263456, 2020-03-24, USA
MT467252, 2020-04-29, India
MT451728, 2020-04-04, Australia
MT506530, 2020-03-15, USA
MT457399, 2020-04-28, Netherlands
MT344957, 2020-03-07, USA
MT499198, 2020-04-04, USA
MT252823, 2020-03-07, USA
MT293197, 2020-03-19, USA
MT439233, 2020-03-10, USA
MT253707, 2020-01-25, China
MT461659, 2020-04-04, USA
MT509511, 2020-04-28, India
MT534336, 2020-04-12, USA
MT451005, 2020-03-16, Australia
MT451786, 2020-04-10, Australia
MT385442, 2020-04-03, USA
MT451742, 2020-04-07, Australia
MT459987, 2020-03-20, Guam
MT262912, 2020-03-13, USA
MT461631, 2020-04-02, USA
MT438751, 2020-04-22, USA
MT438721, 2020-04-22, USA
MT459889, 2020-03-12, Greece
MT263396, 2020-03-13, USA
MT412239, 2020-03-10, USA
MT412303, 2020-03-30, USA
MT350251, 2020-03, USA
MT533238, 2020-04-02, USA
MT293225, 2020-03-18, USA
MT328032, 2020-03-18, Greece
MT326085, 2020-03-20, USA
MT451324, 2020-03-26, Australia
MT412275, 2020-04-06, USA
MT325614, 2020-03-08, USA
MT470101, 2020-03, France
MT470121, 2020-03, France
MT371022, 2020-03-22, USA
MT439282, 2020-03-22, USA
MT412235, 2020-03-13, USA
MT252723, 2020-03-13, USA
MT325578, 2020-03-07, USA
MT270102, 2020-01-29, Germany
MT263382, 2020-03-23, USA
MT263422, 2020-03-16, USA
MT326164, 2020-03-21, USA
MT326041, 2020-03-20, USA
MT535486, 2020-04-07, USA
MT135043, 2020-01-28, China
MT345836, 2020-03-23, USA
MT326040, 2020-03-21, USA
MT246475, 2020-03-13, USA
MT325619, 2020-03-08, USA
MT252706, 2020-03-13, USA
MT506903, 2020-04-16, USA
MT263452, 2020-03-17, USA
MT467240, 2020-04-30, India
MT259281, 2020-03-15, USA
MT345877, 2020-03-27, USA
MT370996, 2020-03-19, USA
MT263444, 2020-03-20, USA
MT459919, 2020-03-10, Greece
MT358745, 2020-03-29, USA
MT482119, 2020-04, USA
MT461654, 2020-04-05, USA
MT370912, 2020-03-19, USA
MT304481, 2020-03-04, USA
MT451087, 2020-03-19, Australia
